ID_Cliente,Monto,Fecha
1004.0,2649.7,2023-02-28
1005.0,2979.8,2025-12-25
1004.0,error,2022-11-20
1000.0,2122.43,2024-01-01
1010.0,190.18,2024-02-13
1009.0,1836.31,2024-04-08
,2220.47,17/03/2025
1001.0,4119.86,2023-12-07
1005.0,740.09,2022-01-12
1008.0,1786.13,14/03/2022
1005.0,3444.86,2023-11-20
1007.0,966.22,2025-01-28
1008.0,4364.7,2023-11-01
1010.0,635.31,2022-10-31
1004.0,645.94,2024-02-21
1003.0,343.05,2024-11-12
1003.0,201.15,2025-09-25
1007.0,2232.66,2023-09-17
1002.0,3815.55,2022-01-09
1001.0,1497.08,2023-01-13
1010.0,1508.04,2025-09-10
1001.0,2035.24,2025-10-02
1009.0,353.55,2022-04-09
1008.0,1981.21,2023-04-14
1009.0,4557.32,2024-11-14
1003.0,3167.35,2025-12-19
1000.0,1902.04,2022-04-13
1006.0,2148.46,2024-05-01
1002.0,1604.84,05/09/2024
1007.0,1618.6,14/03/2025
1007.0,3306.59,2024-02-04
1003.0,4264.55,2022-06-05
1000.0,2247.09,2025-12-26
1004.0,3882.71,2025-08-20
1006.0,4827.39,2024-08-12
1000.0,3106.25,2024-08-23
1005.0,127.41,2023-02-23
1003.0,2872.22,2023-09-30
,455.68,2022-10-25
1010.0,225.38,2023-01-12
1006.0,4570.76,2023-04-13
1000.0,1060.14,2023-10-06
1002.0,1704.1,23/01/2023
1001.0,1395.88,2025-10-31
1007.0,error,2023-08-22
1007.0,2363.68,2024-11-27
1007.0,3786.39,2022-10-12
1010.0,4264.66,invalid_date
,2428.36,2023-11-01
1006.0,2262.17,2025-12-21
1003.0,3772.99,2024-10-13
1002.0,177.84,2022-11-30
1006.0,1967.46,01/08/2023
1000.0,,2024-06-23
1000.0,3483.58,2022-04-23
1007.0,2283.8,2025-01-23
1010.0,3677.88,2022-09-14
1001.0,372.87,2024-06-21
1004.0,1975.01,2025-03-02
1002.0,2566.74,2024-10-21
1008.0,2952.37,2025-10-27
1006.0,95.73,2025-05-26
1010.0,2598.88,2022-10-11
1007.0,3888.22,2023-12-10
1006.0,589.01,2025-04-16
1003.0,421.97,2022-11-23
1000.0,1134.69,invalid_date
1000.0,4305.88,2023-12-23
1010.0,466.07,15/09/2024
1000.0,3844.67,2024-06-19
1007.0,2586.7,2022-04-19
1006.0,2752.77,2022-02-02
1002.0,353.2,2022-04-13
1006.0,4966.92,2025-12-06
1008.0,428.6,2024-02-03
1006.0,3867.29,2025-05-19
1007.0,1676.88,2022-06-18
1002.0,2209.66,2022-12-30
1004.0,1988.44,2023-11-04
1005.0,2044.03,2025-07-18
1003.0,2514.86,2024-01-09
1002.0,3283.99,2023-07-18
1005.0,4011.71,2023-03-22
1009.0,1434.36,2023-05-13
,4838.0,2024-12-15
1001.0,2218.36,2024-05-09
1001.0,4793.52,2024-06-26
1010.0,3636.52,2022-02-09
1009.0,4937.96,2023-01-27
1008.0,2991.72,2024-10-17
1001.0,1253.5,2024-11-27
1006.0,1044.15,2024-02-03
1006.0,2556.02,2025-02-02
1009.0,4806.04,2024-05-01
1002.0,2443.34,2023-06-21
1006.0,1200.27,2023-08-06
1007.0,1733.51,2025-09-11
1007.0,3344.45,2022-11-18
1001.0,2739.71,2022-01-13
1004.0,4285.43,2022-03-04
1009.0,4454.99,2023-09-28
1002.0,error,2022-04-18
1004.0,1272.52,2022-06-24
1001.0,2799.48,2025-01-04
1004.0,4545.51,2022-09-26
1001.0,1079.6,2023-07-27
1003.0,201.84,19/02/2025
1006.0,1392.84,2024-06-22
1000.0,,2024-09-14
1004.0,4017.2,2022-01-17
1001.0,1440.82,2022-11-03
1000.0,3652.34,2023-12-20
1003.0,3931.29,2024-08-28
1010.0,1598.07,2025-11-25
1005.0,2338.21,invalid_date
1007.0,4093.01,2022-03-04
1007.0,2059.34,2024-05-30
,2046.84,invalid_date
1000.0,177.57,2024-01-16
1003.0,823.71,2022-12-30
1010.0,4890.17,19/09/2025
1004.0,2560.76,2023-03-19
1003.0,1579.94,2024-07-04
1009.0,4315.08,2023-12-12
1007.0,2479.01,2024-06-17
1001.0,error,18/09/2024
1004.0,1439.94,2024-10-29
1002.0,2403.94,2024-12-28
1006.0,error,2022-02-02
1005.0,4202.59,2023-05-07
1008.0,2665.3,2024-12-01
1007.0,1259.7,2024-08-14
1010.0,3363.85,2025-05-04
1003.0,3736.01,2024-10-30
1000.0,3877.87,2024-07-09
1005.0,460.44,08/10/2022
1010.0,1871.18,22/10/2024
1009.0,3512.08,2024-02-22
1004.0,4443.81,invalid_date
1000.0,2966.61,18/08/2025
1010.0,4411.84,2024-12-23
1002.0,219.0,2023-01-05
1004.0,3913.04,2024-03-14
1001.0,2040.46,2023-11-30
1003.0,1913.99,2022-12-11
1003.0,4996.07,2022-06-09
1003.0,,2022-06-24
1009.0,395.54,2023-09-24
1002.0,2144.39,2023-08-19
1009.0,1670.23,2023-01-16
1006.0,2649.39,2023-12-23
1005.0,4950.72,2022-12-22
1001.0,766.27,invalid_date
1009.0,3354.7,29/11/2022
1010.0,3304.24,2025-04-11
1007.0,,2022-11-08
1002.0,1251.92,2023-02-13
1005.0,2209.7,2022-12-08
1008.0,152.46,2025-11-10
1004.0,3373.15,18/02/2022
1001.0,1487.37,2024-08-30
1003.0,3240.41,invalid_date
1007.0,1222.87,2025-08-12
1007.0,2028.56,2023-06-20
1002.0,1977.28,2025-04-03
1000.0,2078.69,2025-09-03
1007.0,,2023-09-28
1007.0,791.53,2022-12-19
1001.0,4285.22,15/05/2023
1001.0,error,2022-12-23
1002.0,468.27,2023-04-01
1010.0,error,2024-02-15
1005.0,2247.19,2023-07-05
,4815.46,2023-02-26
1004.0,2808.61,2022-02-02
1008.0,4112.04,2023-03-10
1005.0,4335.5,2025-06-25
1009.0,1677.05,17/06/2025
1003.0,4315.95,2025-01-19
1004.0,78.44,2025-11-17
,103.89,26/11/2023
1008.0,3902.7,2023-02-27
1005.0,error,2023-04-21
1009.0,,2023-09-17
1002.0,2894.82,2025-10-12
1009.0,766.09,2024-02-20
1004.0,1923.39,2022-06-02
1008.0,414.43,2023-12-01
1009.0,4463.2,2025-07-06
1001.0,2670.15,2024-07-12
1000.0,937.92,invalid_date
1008.0,1893.02,2022-10-26
1010.0,error,2022-02-26
1000.0,664.39,2023-09-17
1002.0,,2022-06-16
,1159.25,2022-11-15
1002.0,4551.79,2022-03-09
1003.0,2449.68,2025-12-18
1002.0,4124.27,2025-11-22
1009.0,2740.44,10/09/2022
1009.0,3262.92,2022-12-16
1010.0,error,2024-09-15
1001.0,1448.39,2022-01-19
1009.0,4896.53,invalid_date
1005.0,2818.47,2022-07-17
1008.0,3949.36,2023-11-07
1004.0,3158.1,2023-07-27
1005.0,,2022-04-21
1001.0,4081.71,2022-04-12
1008.0,3415.39,2025-04-05
1010.0,2362.62,2024-02-20
1008.0,178.22,2023-04-08
1000.0,115.08,2022-10-19
1004.0,3819.78,2022-03-06
1002.0,151.87,2023-10-11
1006.0,1630.0,2022-01-04
1009.0,1199.56,2024-11-08
1005.0,410.59,2023-04-06
1004.0,4278.99,2023-07-09
1000.0,2128.26,2024-08-04
1010.0,3007.34,2025-11-07
1003.0,,2023-09-05
1005.0,1277.49,2023-04-10
1004.0,error,2024-02-03
1004.0,911.55,2023-01-04
1003.0,4475.96,2023-12-01
1003.0,1246.73,2025-05-05
1000.0,3435.4,2025-12-15
1004.0,997.88,2023-08-22
1001.0,2755.78,2024-04-14
1002.0,794.5,invalid_date
1009.0,4117.98,2023-10-01
1005.0,699.54,2023-12-30
1005.0,error,2024-04-05
1004.0,4665.19,2022-09-30
1008.0,2344.53,21/09/2024
1002.0,3376.81,2023-06-25
1003.0,error,2023-06-12
1007.0,error,2022-06-28
1008.0,,2025-07-15
1002.0,2442.68,2024-09-05
1005.0,3618.01,2022-07-04
1010.0,1714.29,invalid_date
1008.0,4454.69,2022-05-28
1003.0,1580.67,2023-05-03
1002.0,2210.1,2025-04-23
1006.0,,2022-12-23
1004.0,936.99,2024-12-01
1006.0,3054.1,2025-01-22
1008.0,1913.02,2023-07-21
1010.0,2022.09,2025-07-31
1005.0,4314.35,2024-08-17
1003.0,2462.47,23/03/2024
1002.0,485.33,2024-12-08
1003.0,error,2023-12-28
1002.0,4909.27,invalid_date
1005.0,355.77,25/09/2024
1006.0,,29/12/2023
1005.0,4742.79,2024-05-12
1006.0,3057.43,2023-09-12
1000.0,1544.84,2025-12-18
1010.0,141.9,2025-01-16
1007.0,,2025-09-06
1009.0,3547.98,2022-08-19
1002.0,830.15,02/04/2023
1003.0,2090.33,2024-04-14
1002.0,2926.01,2022-08-27
1003.0,1709.26,2025-03-25
1007.0,1358.83,2022-03-16
1006.0,3221.08,2024-06-26
1006.0,2806.0,2023-11-23
1010.0,,2024-04-12
1001.0,,2024-12-30
1009.0,1989.19,2025-10-21
1002.0,4739.99,2025-02-25
1006.0,4371.95,2024-09-09
1001.0,3897.06,invalid_date
1005.0,859.76,2024-09-19
1005.0,4940.93,2022-08-05
1002.0,2034.73,2023-09-18
1010.0,1409.19,2024-08-14
1001.0,error,2023-01-22
1003.0,2612.88,invalid_date
1010.0,283.18,2025-03-05
1002.0,2434.54,2025-08-19
1007.0,4995.09,2025-06-04
1003.0,,2024-06-19
1000.0,704.69,2025-04-18
1006.0,2035.04,invalid_date
1000.0,4941.17,2022-01-01
1007.0,1685.57,2022-01-29
1006.0,2326.94,2024-02-07
1002.0,4072.06,2025-04-29
1006.0,3009.35,2023-12-11
1000.0,696.23,2023-11-17
1000.0,63.7,2022-10-13
1002.0,538.02,2023-09-03
1006.0,1006.18,18/04/2024
1009.0,2136.63,2025-02-17
1008.0,,2024-08-19
1002.0,4946.09,2024-12-18
1009.0,4795.87,2025-04-04
1008.0,,2024-07-26
1007.0,1061.75,2022-09-12
1005.0,1242.52,invalid_date
1000.0,973.45,2025-04-27
1001.0,1290.5,2022-09-10
1010.0,228.73,2024-01-03
1010.0,1581.5,2025-12-09
1005.0,3395.11,2023-06-30
1001.0,1532.37,2022-06-09
1010.0,4476.72,2024-03-09
1001.0,2142.02,2023-03-31
1004.0,1809.13,2025-01-13
1004.0,353.34,2024-10-26
1009.0,463.03,2022-09-10
1003.0,2372.48,2022-04-15
1001.0,1808.19,2022-07-28
,2192.42,2025-02-04
1003.0,4686.31,invalid_date
1000.0,3546.05,2024-05-05
1007.0,884.15,2025-10-04
,877.43,2025-07-08
1003.0,3981.7,30/07/2025
1000.0,2993.56,2023-11-21
1001.0,,2025-08-11
1003.0,773.1,2023-02-08
1004.0,3412.62,26/07/2024
1007.0,2158.92,2024-01-16
1002.0,2594.24,invalid_date
1007.0,error,2025-07-19
1004.0,4419.43,2023-09-27
1007.0,278.75,2025-12-07
1001.0,3164.56,2022-03-20
1008.0,error,11/10/2022
1000.0,4146.45,20/07/2023
1005.0,423.19,2025-05-30
1003.0,3006.19,2025-02-04
1003.0,1532.21,2025-06-30
1002.0,1334.39,2023-08-14
,3938.83,2025-08-18
1002.0,1001.4,2022-05-27
1001.0,1015.92,2022-11-07
1001.0,419.94,2025-08-30
1006.0,,31/07/2025
1004.0,2422.06,2025-06-23
1003.0,4012.47,2023-03-19
1006.0,812.62,2022-05-25
1009.0,1955.94,2025-07-07
1002.0,626.68,2022-12-16
1009.0,4445.35,2023-05-02
1005.0,1578.26,2025-09-18
1007.0,error,2022-06-08
1002.0,1135.56,2022-06-03
1008.0,2282.07,2022-05-04
1006.0,3288.6,24/08/2022
1008.0,2314.58,28/09/2025
1009.0,1670.55,27/12/2025
1003.0,178.9,2022-02-28
1007.0,2194.83,29/04/2022
1006.0,2668.99,invalid_date
1005.0,167.6,2024-07-05
1006.0,2493.79,2022-09-03
1006.0,1229.52,2025-08-07
1004.0,4810.58,2022-07-02
,1841.12,2024-09-04
1009.0,error,2023-08-29
1009.0,592.93,2023-07-10
,,2022-02-16
1008.0,4329.76,2024-06-09
1001.0,3961.1,2023-11-07
1007.0,422.99,2023-08-24
1005.0,3883.12,2023-04-04
1004.0,4684.03,2023-10-05
1004.0,2223.83,2022-07-31
1002.0,3020.94,2022-06-11
1001.0,3917.55,2024-01-14
1007.0,1975.44,2023-03-14
1001.0,3717.15,2022-12-12
1007.0,1763.79,05/02/2024
1000.0,4639.76,2022-01-04
1008.0,error,2023-11-08
,error,23/10/2024
1001.0,1180.47,2023-06-14
1000.0,922.42,2025-10-17
1003.0,646.36,2023-09-17
1005.0,4434.61,01/02/2024
1006.0,,2024-04-30
1001.0,1958.08,19/07/2022
,828.62,invalid_date
1004.0,2346.0,2025-10-26
1007.0,3882.32,2024-08-27
1000.0,2461.55,2024-10-27
1001.0,994.73,25/05/2025
1007.0,4766.75,2023-07-26
1009.0,3782.13,20/12/2023
1006.0,4064.82,invalid_date
1001.0,2934.3,2024-01-09
1007.0,2390.79,2025-09-29
1006.0,1263.33,2022-11-21
1001.0,3587.35,2025-12-29
1008.0,1570.87,2025-08-03
1010.0,4409.08,2024-07-02
1000.0,4272.42,08/02/2024
1010.0,2375.29,2025-06-16
1009.0,559.32,2022-11-16
1009.0,4492.95,06/04/2024
1002.0,3224.81,2023-07-01
1002.0,4735.2,05/06/2023
1004.0,3942.47,26/11/2022
1000.0,3708.66,13/02/2023
1009.0,1891.03,2024-07-12
1002.0,569.55,2023-09-27
1007.0,2339.07,2023-06-02
1003.0,4068.12,2024-01-22
1002.0,,2024-03-24
1001.0,3323.18,2023-01-23
1004.0,3147.51,2025-03-07
1001.0,3722.56,invalid_date
1005.0,2438.32,2024-12-23
1004.0,1145.36,2024-08-24
1008.0,2823.68,2025-10-24
1004.0,3189.28,invalid_date
1007.0,881.74,2024-12-25
1000.0,4201.23,2024-11-27
1004.0,,02/11/2022
1003.0,1934.67,2022-04-10
1003.0,2977.01,2022-08-12
1000.0,2676.24,2022-06-13
1004.0,1672.68,2022-09-17
1003.0,error,2022-11-16
1001.0,1644.33,invalid_date
1005.0,3054.09,2023-10-22
1006.0,944.82,2022-12-13
1009.0,2799.67,2024-09-08
1003.0,3643.29,10/08/2024
1006.0,1743.99,06/03/2024
1008.0,71.99,2024-09-26
1004.0,3772.49,2023-08-26
1004.0,1186.69,2024-04-13
1002.0,4164.09,2023-10-01
1007.0,2790.61,2023-03-12
1010.0,1063.99,2023-07-13
1000.0,487.44,2022-12-07
1003.0,2466.97,2024-04-03
,4771.0,2025-11-27
1010.0,4313.88,2025-11-12
1007.0,1444.08,2025-04-24
1007.0,2298.82,2025-08-10
1009.0,943.62,2022-05-15
1000.0,1436.83,2023-04-05
1010.0,4562.3,01/01/2024
1001.0,1945.06,2022-04-24
1006.0,4860.08,2023-03-14
1009.0,2036.11,2024-01-10
1002.0,815.92,2023-07-24
1006.0,4174.27,2024-03-08
1007.0,489.82,2023-04-23
1003.0,2705.3,2022-08-16
1009.0,2672.91,2025-10-16
1000.0,153.07,17/04/2024
1003.0,253.57,2025-09-16
1000.0,3368.08,2024-06-26
1004.0,1373.07,22/04/2023
1000.0,4297.43,2022-08-30
1010.0,3667.48,2023-03-25
1001.0,,2025-11-05
1010.0,3207.77,2022-12-28
1010.0,,2023-08-03
1001.0,2137.72,2022-04-18
1001.0,4845.76,2023-01-18
1003.0,2763.61,27/09/2025
,4016.14,2024-08-16
1002.0,444.65,2022-08-02
1001.0,2488.59,2024-04-27
1006.0,648.68,2023-02-19
1003.0,,2022-08-12
1004.0,1952.22,2022-02-16
1008.0,4949.56,2024-03-24
1002.0,1737.85,2022-03-05
1005.0,3654.6,2022-12-22
1002.0,1827.48,2025-01-21
1000.0,error,2023-03-13
1010.0,340.37,2022-02-25
1009.0,4262.68,2025-09-13
1010.0,3628.69,2024-02-01
1007.0,3421.3,2025-12-29
,169.99,2022-12-06
1009.0,470.27,2025-09-14
1003.0,error,2025-11-27
1009.0,3152.53,2025-06-22
1005.0,1375.32,2025-04-10
1001.0,454.68,09/03/2025
1005.0,673.03,14/08/2024
1006.0,130.78,2023-08-08
1005.0,2468.52,2022-10-27
1006.0,2126.19,2025-09-04
1004.0,4138.58,invalid_date
1008.0,1823.17,invalid_date
1010.0,1366.73,2023-01-19
1005.0,743.97,2022-08-31
1002.0,2386.81,2025-03-27
1002.0,4592.16,2024-08-22
1005.0,2246.43,27/01/2024
1003.0,205.08,2024-07-31
1003.0,3924.87,2022-12-17
1002.0,4266.4,2024-07-12
1006.0,4051.27,2024-10-31
1004.0,2914.17,2023-06-04
1009.0,773.27,2024-08-21
1009.0,error,2024-07-20
1010.0,1901.82,2022-12-14
1002.0,4832.82,2024-09-18
,184.36,2025-08-16
1003.0,2120.62,2024-10-06
1005.0,4673.81,2024-12-26
1005.0,2949.56,10/08/2025
1007.0,903.56,2023-07-18
1007.0,354.93,2025-11-23
1000.0,1730.15,2022-10-07
1002.0,3330.53,2022-10-31
1007.0,3912.61,25/09/2024
1000.0,1690.38,2022-10-03
1004.0,1299.47,2022-01-05
1010.0,2994.86,2025-09-17
1007.0,3070.34,2023-09-10
1002.0,1325.13,invalid_date
1002.0,4187.73,2025-06-20
1008.0,1340.7,2023-11-06
1009.0,1696.19,2025-05-26
1004.0,1852.3,18/09/2022
1010.0,2382.46,2023-01-04
1005.0,965.4,2022-02-14
1005.0,982.93,2025-10-10
,100.37,2022-12-11
1010.0,3815.83,2024-08-01
1002.0,1642.0,2023-11-29
1010.0,511.83,06/10/2024
1007.0,2249.29,2025-10-28
1007.0,3565.71,2025-12-15
1006.0,2233.67,2022-10-31
1010.0,error,2023-11-16
1008.0,1219.47,2023-01-13
1002.0,4913.58,invalid_date
1000.0,495.29,2024-12-23
1001.0,390.08,2022-01-01
1002.0,1188.03,2024-11-17
1007.0,error,01/10/2024
1009.0,2141.51,2023-07-23
1008.0,2862.3,invalid_date
1002.0,2560.91,2025-04-22
1002.0,3711.57,2023-10-05
1002.0,3537.29,2025-02-03
1003.0,590.38,invalid_date
1001.0,4232.0,2025-01-27
1005.0,1736.16,2025-10-10
1003.0,4029.23,2024-10-18
1004.0,4393.94,2022-03-06
1009.0,3762.9,2023-09-28
1010.0,4231.07,2023-08-30
1002.0,3102.33,2024-12-20
1005.0,3326.26,2024-07-18
1007.0,4966.89,2023-11-25
1006.0,1759.9,2023-10-17
1009.0,299.7,28/04/2025
1002.0,747.71,2022-04-19
1002.0,2723.88,2022-09-27
1003.0,error,2025-08-04
1006.0,4569.85,2024-12-12
1006.0,1921.32,2024-08-19
1007.0,1788.26,2023-05-16
1000.0,1302.0,2023-03-30
1000.0,1942.29,2024-10-20
1007.0,4113.39,2023-10-17
1003.0,error,2023-05-11
1009.0,473.21,2023-01-10
1008.0,4349.03,2024-10-30
1000.0,3127.18,2023-08-12
1003.0,97.13,2025-02-24
1009.0,3781.33,2025-01-19
1010.0,487.36,17/02/2024
1009.0,1981.49,2022-08-10
1005.0,3667.92,2022-03-15
1007.0,407.0,2024-12-24
1009.0,1267.59,2025-09-04
1010.0,4963.13,04/09/2025
1005.0,1408.94,2022-11-28
1002.0,1851.03,01/07/2022
1009.0,2408.62,2023-10-06
1003.0,error,2022-04-30
1009.0,3976.01,2022-04-23
,2594.62,17/01/2025
1004.0,1773.52,2025-09-28
1008.0,1941.86,2022-09-02
1001.0,4286.76,2023-10-18
1008.0,237.27,2023-11-17
1005.0,2839.29,2025-08-09
,,2022-03-08
1004.0,3789.03,2023-07-25
1000.0,4085.07,2023-07-16
1003.0,723.26,2023-05-11
1008.0,4221.98,2024-06-27
1004.0,1193.48,2025-03-25
1006.0,4901.82,2025-10-10
1003.0,4545.49,2022-10-01
1003.0,2807.31,invalid_date
1004.0,2201.42,2022-08-19
1006.0,error,2025-03-07
1010.0,4235.06,2023-04-06
1007.0,2636.24,2022-11-26
1006.0,1988.1,invalid_date
1009.0,1145.15,invalid_date
1006.0,1166.11,2025-06-23
1001.0,520.65,2022-11-30
1008.0,2777.9,2023-11-24
1000.0,319.11,2025-04-25
1004.0,2676.02,2025-05-07
1003.0,4649.32,14/05/2022
1004.0,3043.75,2022-11-03
1008.0,error,2025-05-17
1001.0,4687.36,2022-11-13
1001.0,4881.78,2022-10-14
1006.0,4242.1,2024-07-29
1003.0,2595.78,2024-10-12
1003.0,3565.29,2023-03-08
1000.0,75.3,21/08/2022
1005.0,4495.42,2022-03-26
1005.0,1416.97,2023-08-14
1004.0,695.2,2025-10-28
1003.0,644.93,2024-10-29
1001.0,error,2022-09-10
1010.0,3973.41,invalid_date
1009.0,2523.71,2024-01-31
1010.0,613.95,2022-05-21
1009.0,867.77,2024-12-20
1000.0,3166.62,2025-04-16
1008.0,461.65,2023-09-19
1010.0,185.0,2023-11-22
1005.0,3038.91,2025-11-12
1000.0,,2024-08-18
1000.0,3377.24,2023-09-22
1001.0,3706.23,2023-03-07
1006.0,3258.24,2023-10-24
,1850.71,invalid_date
1006.0,3636.29,2022-10-08
1000.0,1771.25,2022-03-11
1000.0,3179.02,2022-07-08
1010.0,3738.19,2024-05-14
1002.0,4199.33,2024-08-25
1007.0,4775.35,2025-08-22
1000.0,942.94,2022-07-05
1007.0,2657.53,2024-06-12
1007.0,2743.95,2022-05-10
1003.0,869.99,2023-02-13
1007.0,370.04,2023-11-07
1007.0,1232.42,2025-07-10
,4148.65,2022-12-24
1001.0,2017.84,2024-08-14
1007.0,403.61,30/01/2023
1002.0,,2022-07-03
1001.0,1480.76,2025-05-29
1010.0,2361.56,2022-04-13
1009.0,1104.11,2023-01-13
1006.0,4637.06,2022-06-25
1001.0,168.14,2022-09-22
1010.0,1918.8,2022-02-12
1009.0,,2025-04-28
,,2023-03-24
1007.0,4731.53,2024-04-01
1002.0,2504.49,27/07/2023
1000.0,1759.0,2022-02-04
1006.0,3953.31,14/09/2022
1004.0,4559.79,2023-05-02
1007.0,3216.98,invalid_date
1005.0,3913.77,2022-09-02
1008.0,2113.74,2023-02-16
1010.0,1019.63,2022-09-18
1004.0,error,15/04/2025
1003.0,1634.89,2022-06-01
1003.0,2462.86,2023-03-11
1010.0,4641.74,2024-04-21
1000.0,3500.08,2023-10-16
,2815.99,2022-03-16
1000.0,1200.09,2025-04-22
1002.0,,2023-09-26
1005.0,1775.63,2025-07-15
1008.0,4607.55,2025-03-25
1007.0,4995.93,invalid_date
1009.0,2333.38,2024-01-29
1004.0,2188.72,2023-04-08
1002.0,292.13,2023-01-03
1005.0,501.01,2025-12-13
1009.0,2547.6,2024-08-10
1006.0,,2023-07-12
1001.0,2246.47,2023-11-24
1010.0,,2022-04-25
1000.0,2920.9,12/07/2022
1007.0,4743.79,2022-02-19
1007.0,1163.23,30/08/2025
1008.0,3445.13,2025-08-21
1002.0,4802.64,2025-12-05
1000.0,3386.41,2025-03-12
1004.0,4617.2,2022-08-04
1002.0,4457.84,2024-02-02
1010.0,4499.0,2025-08-27
1007.0,4594.75,2024-06-19
1005.0,200.11,2022-09-22
1004.0,error,2023-12-25
1002.0,411.9,2023-12-30
1002.0,,invalid_date
1008.0,253.54,2024-12-20
1009.0,2605.52,2023-01-18
1010.0,2958.9,2022-04-23
1001.0,113.03,2022-01-18
1005.0,3620.26,invalid_date
1005.0,,2024-04-08
1007.0,4192.03,2022-05-14
1009.0,4035.62,2024-11-26
1006.0,,2022-12-11
1005.0,4092.62,2024-03-31
1002.0,1999.49,2023-10-22
1009.0,633.41,2022-04-18
1007.0,4269.78,2025-07-14
1005.0,3976.37,2025-02-04
1007.0,2858.21,invalid_date
1006.0,2474.78,2025-07-08
1000.0,2181.18,2023-01-05
1004.0,4335.0,03/01/2023
,1418.63,2022-05-07
1005.0,1249.98,2024-04-30
1001.0,4241.63,2025-05-02
1002.0,3029.54,2025-08-22
1009.0,1552.09,2023-10-07
1000.0,3016.78,15/02/2024
1000.0,4456.2,2024-06-01
1002.0,1015.45,2024-02-02
1000.0,1818.49,2023-04-25
1004.0,1192.55,2023-04-03
,4476.18,2024-06-11
1003.0,2735.57,2023-11-25
1002.0,2024.1,2023-10-20
1001.0,4662.28,2023-12-28
1005.0,3319.15,2023-09-21
1002.0,2123.56,2022-11-07
1004.0,2645.29,2025-12-08
1009.0,1314.46,2023-06-24
1007.0,error,2023-08-02
1005.0,187.61,2025-06-04
,2714.76,2025-08-27
1000.0,946.91,2025-06-21
1007.0,2989.04,2022-08-31
1006.0,4218.94,2025-07-21
1007.0,3723.26,2022-12-13
1003.0,1699.45,2024-12-03
1010.0,703.23,2022-10-10
1009.0,4985.65,2024-01-16
1002.0,3628.85,2022-05-17
1005.0,3548.0,19/12/2023
,3726.57,12/07/2022
1002.0,1754.63,2024-06-23
1001.0,4648.45,25/09/2025
1007.0,3470.72,2025-11-27
1000.0,2705.77,2025-04-06
1003.0,4841.07,invalid_date
1008.0,4356.91,2022-01-03
1004.0,3853.73,03/04/2023
1003.0,3645.45,2025-12-30
1007.0,2531.49,2022-09-18
1010.0,3355.61,2023-09-21
1003.0,695.67,2022-09-22
1009.0,4106.59,2022-04-12
1003.0,4132.69,2023-04-23
1009.0,1321.61,2024-10-16
1009.0,4563.79,11/12/2024
1001.0,3180.26,2024-06-20
1006.0,1437.84,2025-05-27
1003.0,4198.14,2022-02-10
1007.0,2477.92,2022-08-21
1005.0,3919.82,2024-08-09
1000.0,3860.84,2023-01-21
1002.0,2019.98,2023-03-08
1001.0,,2025-11-17
1002.0,,2024-05-08
1008.0,error,2023-12-21
1005.0,3272.62,29/01/2024
1005.0,464.67,28/10/2023
1010.0,3370.73,2024-02-24
1009.0,,2023-09-21
1000.0,2274.91,01/07/2025
1000.0,4168.56,2025-03-09
,2612.19,2023-09-25
1002.0,835.63,2022-07-20
1002.0,2836.24,2025-04-26
1004.0,1041.37,2024-09-27
1009.0,3004.53,2024-04-12
1001.0,4544.14,2024-11-26
1000.0,1657.56,2024-07-10
1007.0,321.76,2025-05-15
1004.0,2140.35,2025-08-08
1009.0,1412.64,2024-06-01
1002.0,2058.51,2023-05-05
1006.0,1215.15,2022-07-31
1001.0,3902.98,invalid_date
1009.0,4437.88,2024-07-07
1000.0,4373.4,2022-09-03
1002.0,471.14,2023-02-06
1003.0,4109.82,2024-02-01
1007.0,error,2022-08-03
1007.0,3870.12,16/03/2024
1004.0,,2022-02-01
1001.0,3930.1,2022-09-28
1006.0,2994.08,09/04/2024
1004.0,4328.89,2023-06-22
1009.0,4724.31,2023-12-15
1005.0,1870.84,2022-12-06
1001.0,1482.92,2025-01-10
1006.0,2327.82,07/10/2024
1006.0,1439.65,2023-07-30
1005.0,3861.2,2023-11-02
1010.0,483.86,invalid_date
1001.0,2476.15,2024-11-04
1001.0,3016.47,29/07/2023
1004.0,4625.47,2025-08-24
1000.0,4547.67,2023-02-19
1010.0,3088.26,2025-08-27
1006.0,3665.44,2022-11-23
1005.0,228.9,28/01/2022
1009.0,1029.18,2025-10-09
1007.0,1119.55,2025-06-04
1006.0,131.53,2022-05-02
1008.0,2470.22,2025-08-10
1010.0,3931.28,2023-08-23
1000.0,4782.14,2022-12-02
1004.0,2037.14,2025-12-04
1007.0,2908.71,2022-10-13
1001.0,1589.07,2024-09-30
1004.0,2063.67,2022-09-12
1008.0,3445.07,2022-10-11
1001.0,4553.47,2025-09-11
1003.0,3760.69,09/05/2025
1007.0,4750.78,2025-10-29
1005.0,1801.46,2024-03-18
1000.0,2686.05,2024-10-31
1001.0,,2025-12-19
1006.0,4966.26,2023-07-26
1000.0,4476.12,2024-06-16
1008.0,2867.34,2022-08-24
1007.0,3183.82,06/07/2023
1010.0,668.85,2024-07-21
1000.0,2415.3,2025-03-13
1009.0,2723.34,20/06/2025
1006.0,281.94,2023-11-23
1009.0,3958.89,2024-02-15
1002.0,1596.09,2024-03-14
1004.0,4100.64,2024-04-08
1010.0,1780.04,30/01/2025
1008.0,4691.24,2023-10-26
1010.0,4927.12,2022-10-02
1008.0,2586.56,invalid_date
1007.0,4400.43,2025-06-25
1002.0,4270.68,2022-07-14
1004.0,1770.29,2024-05-27
1004.0,2843.87,2023-07-18
1008.0,4596.11,invalid_date
1003.0,,2022-02-11
1003.0,3704.49,2025-01-15
1000.0,3413.45,13/04/2022
1007.0,3286.4,2023-05-15
1002.0,1087.65,2024-03-29
1003.0,2821.1,2022-04-01
1009.0,4301.68,21/03/2024
1002.0,4880.5,2022-12-08
1010.0,3119.08,2022-04-19
1006.0,4246.72,2024-01-03
1005.0,902.44,2022-02-25
1008.0,1567.57,2025-02-24
1005.0,1098.7,2024-08-24
1008.0,3852.05,2023-12-19
1005.0,1714.94,09/03/2023
,4463.55,2025-05-01
1010.0,2755.5,2023-11-25
1009.0,error,2024-12-23
1009.0,2810.01,2024-04-19
1004.0,3047.82,2023-10-13
1007.0,error,2022-04-29
1002.0,2883.2,2023-02-04
1003.0,2291.34,2025-11-24
1007.0,482.38,2022-01-15
1001.0,1064.52,2024-06-06
1006.0,598.2,2024-07-09
1001.0,3848.02,2024-06-14
1004.0,2613.37,2022-05-31
1002.0,4907.73,2022-01-10
1004.0,2854.22,2022-10-06
1002.0,3997.59,2023-09-14
1006.0,3783.98,12/02/2025
1005.0,2480.87,2024-03-31
1007.0,504.7,2022-01-27
1003.0,3765.7,28/08/2025
1003.0,544.17,2025-10-21
1007.0,2900.61,2022-06-09
1004.0,1642.7,2022-07-06
1003.0,1965.21,2023-07-29
1009.0,2675.47,invalid_date
1002.0,,18/07/2022
1007.0,3544.74,invalid_date
1002.0,4687.59,2023-12-01
1010.0,error,2023-05-09
1002.0,368.51,2022-04-21
1010.0,906.35,2025-08-17
1003.0,,2022-01-01
1000.0,1882.46,2025-03-19
1008.0,1373.65,2024-09-19
1001.0,1642.53,2025-02-11
1010.0,error,2022-04-01
1007.0,866.87,2022-12-23
1002.0,2417.21,2023-11-25
1010.0,error,2022-03-26
1007.0,4554.66,2025-09-29
1002.0,1810.52,2022-07-18
1001.0,2735.48,2024-07-11
1010.0,1341.72,2022-11-22
1001.0,781.91,2022-10-20
1007.0,2047.01,2023-05-30
1000.0,4315.91,2022-06-02
,4457.37,2024-08-16
1009.0,2027.21,2024-08-25
1000.0,1097.12,2023-03-28
1003.0,4581.59,invalid_date
1002.0,3481.77,2022-03-08
1002.0,3455.9,invalid_date
1007.0,1327.22,28/04/2022
1006.0,4955.96,2023-06-08
1004.0,3559.54,2025-04-18
1009.0,2832.04,30/03/2022
1008.0,3892.04,invalid_date
1003.0,3817.92,2024-05-19
1009.0,4204.97,2022-09-14
1000.0,4502.79,2025-08-19
1010.0,1302.69,2023-09-14
1004.0,1005.14,2024-07-15
1002.0,,2022-07-24
1001.0,3693.04,2023-01-12
1002.0,387.45,2025-02-05
1002.0,946.05,2025-03-17
1007.0,3264.14,2022-07-19
1010.0,2303.22,2022-05-03
1003.0,2552.01,2025-01-27
1002.0,67.31,2025-06-07
1008.0,122.01,01/09/2025
1003.0,1870.27,invalid_date
1010.0,2306.84,2023-02-10
1001.0,511.97,30/06/2024
1004.0,2813.77,2023-03-29
1008.0,2493.34,2022-10-10
1001.0,2113.47,2023-10-29
1010.0,2873.55,2022-12-06
1005.0,1679.94,2022-07-26
1001.0,2733.17,2024-08-22
,389.36,2023-04-21
1007.0,1992.94,2024-08-15
,3150.81,2025-03-01
1008.0,2834.65,30/10/2024
1006.0,1376.39,2022-08-03
1010.0,4187.69,invalid_date
1003.0,2844.99,2024-03-11
1005.0,4222.01,2025-10-01
1002.0,3086.05,2024-03-03
1003.0,4514.5,2024-02-01
1004.0,4432.79,28/03/2023
,2057.37,2025-12-20
1003.0,1663.03,2022-01-10
1002.0,3384.86,25/12/2023
1005.0,,08/06/2024
1005.0,1632.35,2022-06-26
1007.0,error,2024-04-12
1003.0,2949.97,2025-02-07
1003.0,1528.45,invalid_date
1000.0,3403.82,2024-01-06
1001.0,2832.1,2023-07-28
,4333.24,2024-12-10
1008.0,2310.32,2023-07-15
1010.0,3322.0,2025-02-15
1009.0,1844.92,2023-07-29
1002.0,4026.26,2024-08-10
1008.0,2200.47,2025-10-17
1009.0,,2025-11-17
1001.0,1360.72,2022-04-21
1007.0,1942.22,2024-10-29
,3142.96,08/01/2023
1007.0,2155.12,12/11/2024
1004.0,1274.03,2024-09-29
1009.0,814.0,2024-05-02
1001.0,764.4,2025-12-25
1002.0,,2022-09-29
1002.0,error,2022-09-18
1002.0,1562.97,2024-07-18
1009.0,1293.56,20/09/2023
1009.0,3199.56,2022-08-15
1008.0,3775.13,01/07/2023
1002.0,4292.32,2024-01-07
1004.0,1781.87,2023-08-09
1000.0,3999.77,2023-07-29
1006.0,4411.12,2022-04-03
1007.0,error,2025-01-18
1006.0,4450.1,2025-09-27
1008.0,3816.97,2022-11-30
1000.0,2769.85,2024-03-08
1009.0,2718.22,2024-12-19
1004.0,3224.28,invalid_date
1003.0,3597.17,2022-07-31
1005.0,4087.06,2023-05-21
1007.0,172.89,2022-03-01
,,2025-06-22
1000.0,483.7,2024-08-24
1006.0,2491.31,2024-09-11
1006.0,1825.95,2023-11-01
1004.0,2716.17,2023-04-19
1010.0,2569.12,2025-12-04
1008.0,2644.79,2023-11-09
1005.0,4382.28,18/01/2025
1003.0,3444.94,2023-09-12
1007.0,858.86,invalid_date
1008.0,1849.56,2022-04-11
1006.0,4418.53,2022-11-17
1003.0,4284.31,2024-01-08
1009.0,3812.81,2023-12-16
1005.0,error,2023-05-18
1000.0,620.42,2023-09-05
1002.0,2240.39,2024-11-28
1006.0,195.72,2023-04-03
1008.0,error,19/01/2022
1008.0,,2025-12-27
1000.0,1021.0,2023-10-08
1009.0,2718.76,2022-04-26
1008.0,4186.26,2023-06-14
1000.0,3268.17,2022-08-09
1009.0,3291.38,invalid_date
1006.0,2932.14,2024-05-21
1002.0,1978.84,2025-12-11
1008.0,3544.38,2023-10-18
1010.0,3379.93,invalid_date
1007.0,1580.93,2025-03-25
1009.0,339.42,30/01/2024
1006.0,3760.48,2022-12-18
1007.0,529.36,2025-10-16
1002.0,error,2025-09-23
1005.0,437.49,2022-11-12
1004.0,3557.31,2023-05-09
1002.0,,2022-03-20
1002.0,3143.32,16/03/2022
1008.0,,2023-06-22
1007.0,1750.46,2025-10-26
1002.0,973.28,invalid_date
,3182.12,2023-02-24
1002.0,2740.13,2024-01-17
1010.0,,2025-06-23
1008.0,850.68,2025-08-23
1005.0,2119.68,2024-09-07
1000.0,1183.59,2022-03-04
1004.0,2729.26,2023-02-23
1007.0,3772.47,2022-06-09
1010.0,3579.32,2022-11-15
1007.0,1167.5,2023-07-19
1002.0,68.32,2023-07-28
1003.0,921.04,2024-10-13
1003.0,3248.14,2022-09-14
1002.0,188.72,2025-10-29
1004.0,3279.92,2022-03-12
1001.0,2436.92,20/12/2025
1004.0,2731.04,19/06/2024
1000.0,762.96,2023-12-16
1009.0,183.69,2025-01-29
1010.0,1737.56,2025-09-03
1005.0,1983.66,2025-12-20
1008.0,119.31,invalid_date
1000.0,1779.25,2025-04-06
1000.0,error,2022-04-21
1006.0,297.6,2023-11-16
1002.0,3171.47,2023-09-06
1009.0,error,2024-08-16
1005.0,1031.67,19/02/2024
,3387.38,2023-11-29
,3722.57,2022-06-01
1003.0,2437.2,2025-10-13
1010.0,741.34,2022-04-21
1006.0,1346.25,2024-01-25
1007.0,3313.7,2024-09-17
1002.0,1265.23,2025-07-16
1002.0,2378.28,2022-06-23
1005.0,1040.91,2024-04-12
1006.0,1062.57,2022-11-09
1003.0,3153.48,2025-01-27
1001.0,1382.91,11/07/2024
1004.0,2008.13,2024-01-16
1007.0,999.76,2023-05-06
1010.0,1821.78,2025-09-26
1008.0,1842.45,2024-11-07
1006.0,4823.56,24/05/2023
1001.0,,2023-11-22
1003.0,3862.08,2023-01-11
1008.0,51.03,16/07/2025
1010.0,3608.28,2023-01-10
1004.0,2102.26,2024-03-17
1003.0,1526.71,08/03/2025
,221.33,2024-01-14
1005.0,4079.26,2024-08-30
1002.0,1243.93,2023-07-28
1008.0,error,2025-02-04
1001.0,830.08,17/03/2024
1006.0,2647.11,2024-04-10
1004.0,1362.05,2024-11-23
1005.0,error,2025-06-07
1002.0,4148.03,2025-12-24
1006.0,4241.25,2022-02-01
1002.0,3390.76,23/11/2024
1006.0,2661.11,2025-12-29
1010.0,2315.06,2023-03-22
1005.0,2473.4,2023-05-22
1006.0,3581.95,2025-12-29
1007.0,,2024-07-02
1009.0,4478.75,2025-10-12
1005.0,3154.96,2025-01-13
1000.0,4068.21,2023-06-25
1006.0,221.35,2023-12-24
1006.0,2401.92,15/09/2024
1003.0,851.61,2023-11-11
1000.0,2607.29,2023-05-07
1002.0,,invalid_date
1001.0,4234.58,2024-06-21
1006.0,2912.82,2025-12-08
1010.0,3915.77,16/06/2025
1006.0,975.89,2022-05-31
1005.0,759.05,2025-09-20
1005.0,4944.92,2023-06-28
1001.0,4147.63,24/02/2023
1007.0,1180.26,2024-04-24
,2238.54,21/11/2024
1008.0,2949.73,2022-11-26
1009.0,391.56,2022-08-20
1004.0,error,2022-09-15
1005.0,4360.58,2022-06-10
1003.0,664.33,2024-09-27
1007.0,4184.58,invalid_date
1005.0,966.91,06/02/2023
1004.0,2066.94,2023-04-23
,4217.09,2022-07-27
1000.0,3683.4,20/10/2025
1008.0,,2023-07-22
1002.0,3789.93,2023-06-19
1008.0,2055.15,01/05/2024
1005.0,182.24,2024-10-12
1006.0,3617.8,2025-11-21
1008.0,850.83,2023-12-19
1004.0,947.5,2023-04-17
1002.0,355.14,2024-07-31
1002.0,58.91,invalid_date
1007.0,1411.13,2023-04-22
1001.0,3673.39,2024-08-20
1005.0,3882.83,2023-07-15
1006.0,431.76,2023-12-04
1002.0,580.32,2022-10-02
1008.0,3155.83,2025-08-31
1005.0,324.97,2022-11-27
1008.0,1950.3,2025-03-09
,247.67,2024-08-06
1004.0,723.67,2024-10-10
1008.0,3532.41,2024-09-21
1009.0,4005.45,2022-08-08
1003.0,742.87,05/02/2024
1003.0,3570.37,2022-04-26
1010.0,4719.47,2025-07-26
1008.0,4208.38,2024-07-15
1005.0,3459.22,2023-01-23
1006.0,,04/04/2024
1007.0,error,09/11/2025
1005.0,2857.15,invalid_date
1006.0,877.48,2024-09-02
1001.0,,03/03/2023
1003.0,3719.88,2024-09-07
1004.0,2548.38,invalid_date
1003.0,121.18,2025-06-04
1001.0,69.75,2023-10-10
1002.0,2273.11,22/03/2023
,979.95,2022-01-28
1006.0,100.67,2023-04-06
1007.0,error,2022-01-09
1000.0,4864.06,2024-09-12
1001.0,205.26,2024-02-08
1003.0,369.69,2025-11-21
1009.0,1433.84,2022-09-18
1007.0,525.91,2023-02-19
1009.0,2538.68,2025-04-08
1000.0,2298.75,2024-04-11
1003.0,4125.23,2022-03-25
1007.0,error,invalid_date
1010.0,2732.54,2023-01-17
1007.0,2734.17,2025-10-03
1002.0,4377.32,2025-11-29
1006.0,3200.74,2024-03-27
1008.0,,2024-07-23
1009.0,572.26,2024-07-22
1001.0,435.21,2022-03-28
1010.0,4811.61,2022-09-08
1010.0,669.09,2023-01-22
1002.0,183.28,2024-06-14
1010.0,1460.6,2023-03-01
1009.0,1485.38,2023-02-14
1010.0,1601.76,2022-06-07
1004.0,1390.04,invalid_date
1001.0,3788.38,2022-10-30
1005.0,1364.52,2023-08-18
1002.0,2697.23,2025-12-24
1006.0,3830.46,2022-08-14
1009.0,4297.77,2022-10-20
1008.0,4975.6,2022-09-18
1004.0,3768.31,2025-12-24
1007.0,2827.26,2024-12-06
1007.0,2100.32,2025-11-17
1006.0,2186.1,2024-01-30
1010.0,132.98,2023-08-23
1007.0,3512.27,2023-10-07
1004.0,1791.95,2024-10-29
1002.0,2133.71,2023-11-17
1010.0,2487.83,2022-06-14
1010.0,1029.75,2024-08-24
1001.0,695.71,invalid_date
1008.0,4824.63,2023-05-24
1003.0,error,10/11/2025
1006.0,error,2022-08-03
1003.0,3443.38,2023-06-01
,3819.57,2024-09-23
1008.0,4070.87,2023-10-19
1000.0,149.63,2024-07-01
1006.0,1497.57,2023-05-30
1000.0,586.63,2024-11-22
1000.0,4095.17,invalid_date
1001.0,597.74,2024-10-23
1002.0,3874.25,2025-07-12
1004.0,2089.51,2024-11-02
1009.0,4974.16,2024-12-06
1007.0,671.43,2023-12-06
1008.0,1723.49,invalid_date
1004.0,494.87,2025-06-14
1007.0,162.83,2022-05-02
1010.0,3815.17,2022-07-21
1010.0,1634.55,2024-11-04
1008.0,4659.32,2022-05-15
1005.0,247.84,2022-12-23
1010.0,4136.24,2025-04-06
1006.0,660.24,2024-12-25
,2239.07,21/10/2022
1007.0,875.85,2025-09-30
1003.0,3375.62,2022-09-03
1002.0,,2022-08-04
,,invalid_date
1006.0,1698.79,16/06/2022
1007.0,2978.76,2024-02-12
1003.0,175.45,2024-11-16
1002.0,3032.0,2025-06-24
1009.0,1782.58,2024-05-22
1003.0,4041.48,2024-03-08
1008.0,851.28,invalid_date
1005.0,3755.95,2022-07-14
1001.0,4549.33,invalid_date
1005.0,287.72,2023-05-17
1007.0,379.91,2023-03-20
1002.0,,2024-01-13
1006.0,error,2022-01-16
1008.0,2965.91,21/07/2024
1010.0,441.11,2024-04-12
1009.0,4638.09,2023-02-19
1009.0,2189.87,2023-10-18
,3149.05,2025-01-17
1009.0,error,2024-04-01
,2575.32,2022-04-20
1003.0,3268.47,2023-05-20
1007.0,4677.31,2024-12-16
1006.0,4450.03,18/05/2022
1005.0,2764.73,2023-12-18
1001.0,3543.18,2024-08-21
1004.0,3728.64,2024-12-31
1008.0,4444.41,2022-10-08
1005.0,1279.8,2024-09-26
1004.0,180.01,invalid_date
,,2025-04-11
1002.0,1319.75,2025-02-28
1000.0,1219.64,invalid_date
1010.0,3077.06,2025-11-25
1002.0,3379.97,2024-03-29
1003.0,3923.72,2025-07-20
1004.0,865.9,2022-08-22
1002.0,4217.25,invalid_date
1001.0,440.64,2025-02-20
1003.0,3887.81,2025-09-09
,1530.91,08/09/2022
1000.0,3125.91,2022-05-29
1000.0,4127.47,2023-05-31
1007.0,3624.64,2025-06-04
1006.0,1245.96,18/07/2024
1008.0,error,invalid_date
1007.0,,2025-12-16
1002.0,1465.88,2024-05-22
1008.0,3983.78,2022-11-20
1007.0,4141.1,2022-12-16
1002.0,,2024-09-28
1009.0,error,2024-09-21
1007.0,error,2025-03-24
1007.0,1150.41,invalid_date
1010.0,1202.5,09/06/2025
1003.0,992.4,2024-06-28
1001.0,1941.06,2024-04-01
1007.0,,2023-12-07
1006.0,1739.92,2023-11-22
1001.0,,2022-09-07
1009.0,2429.27,2023-05-29
1004.0,834.48,2022-12-23
1000.0,2652.08,2024-02-05
,2772.12,2025-04-20
1010.0,4301.77,2022-02-01
1009.0,1041.81,2022-06-26
1002.0,4561.21,2023-05-09
1009.0,4250.56,2023-03-24
1001.0,1274.66,2024-08-11
,1249.33,2022-03-25
1006.0,2889.03,09/08/2022
1000.0,4564.16,2023-05-19
,1419.32,2022-12-30
1007.0,2581.01,15/12/2022
1007.0,4423.89,2025-09-01
1001.0,900.44,2022-09-28
1000.0,274.81,2025-09-06
1009.0,62.66,2023-05-22
1006.0,640.98,2022-04-04
1003.0,2839.23,2024-10-13
,3520.33,31/05/2025
1010.0,1545.57,2023-02-17
1008.0,2008.92,2024-09-08
1004.0,4285.67,2025-07-27
1002.0,1403.28,2022-05-03
1008.0,3331.84,08/03/2023
1005.0,607.08,2022-06-27
1007.0,3472.18,2024-08-21
1001.0,2120.44,2023-05-23
1004.0,4616.11,2025-01-07
1003.0,1664.15,2022-07-24
1002.0,3311.18,2022-10-26
1007.0,734.59,2024-09-25
1006.0,2566.94,2025-11-16
1001.0,843.64,2023-12-16
1003.0,4341.11,2022-03-07
1007.0,4255.08,2024-05-28
1002.0,4622.35,2022-09-04
1007.0,2985.92,2025-05-12
1002.0,609.91,2022-10-25
1005.0,3290.45,2023-01-18
1007.0,,2023-01-23
1007.0,3914.2,2022-06-02
1001.0,1701.94,2025-08-25
1001.0,,2023-09-22
1006.0,4886.09,2025-10-29
1001.0,3067.95,2025-01-25
1008.0,,2023-05-29
1007.0,4636.0,2025-10-11
1002.0,1158.91,2022-08-16
1009.0,906.74,2022-06-27
1009.0,3515.88,2024-09-23
1008.0,4820.28,2024-04-14
1010.0,3135.19,2023-10-02
1005.0,error,2022-04-19
1006.0,3211.01,2024-09-13
1001.0,398.18,2024-03-20
1010.0,1708.36,2022-10-28
1000.0,2688.97,2025-06-13
1009.0,4273.88,2025-09-05
1002.0,3750.5,2025-07-05
1006.0,3224.6,2025-06-20
1010.0,425.67,2025-08-12
1004.0,57.52,2024-10-18
1007.0,3331.7,2023-06-23
1003.0,2470.57,2025-03-14
1005.0,3482.85,15/01/2023
1000.0,2419.75,2023-04-10
1005.0,4942.27,2023-05-09
1001.0,2508.69,2024-12-04
1005.0,1046.03,invalid_date
1009.0,4185.73,2025-10-14
1008.0,2098.57,invalid_date
1009.0,4778.43,20/07/2023
1008.0,2589.76,2025-07-28
1000.0,2569.85,2024-05-02
1005.0,2119.92,2022-07-20
1004.0,206.14,2023-03-16
1005.0,2628.15,2025-10-12
1006.0,438.58,03/05/2024
1004.0,522.69,2025-06-01
1007.0,200.05,invalid_date
1007.0,617.74,2023-07-14
1004.0,error,2025-12-25
1003.0,510.03,2025-01-05
1000.0,4179.91,2025-10-26
1003.0,66.57,2022-02-09
1000.0,1106.17,invalid_date
1002.0,3171.17,invalid_date
1002.0,4497.38,2023-07-15
1007.0,,2022-02-14
1009.0,2708.93,2022-06-08
1006.0,2599.38,2024-02-16
1004.0,4717.15,08/11/2022
1009.0,2035.51,2025-01-20
1010.0,2082.03,2023-02-26
1009.0,4483.52,2022-07-13
1005.0,1768.64,2023-06-19
1006.0,1124.3,2022-12-16
1007.0,3255.98,2025-06-07
1009.0,4046.6,2024-05-07
1005.0,394.75,2023-05-30
1001.0,973.49,06/06/2024
1003.0,3636.57,2024-01-12
1006.0,error,2023-05-08
1008.0,3472.22,2025-01-16
1007.0,430.75,2024-07-12
,869.18,18/02/2024
1009.0,3460.19,2023-06-14
1010.0,3327.01,2025-09-07
1009.0,2369.71,2023-08-08
1003.0,3169.89,2023-04-21
1009.0,,2025-03-11
1009.0,1078.66,2025-03-23
,error,13/07/2024
1008.0,907.57,2025-09-15
1003.0,1993.69,2022-10-19
1007.0,2233.91,2022-06-21
1004.0,144.9,2022-01-01
1002.0,2942.53,2022-02-24
1005.0,,13/01/2024
1008.0,676.07,2023-11-05
1008.0,4858.14,2022-06-14
1000.0,3941.25,2025-03-13
1001.0,3673.68,16/12/2022
1006.0,400.21,2024-10-09
,3220.08,2024-07-29
1010.0,4654.48,2024-06-27
1000.0,3185.58,2024-04-26
1007.0,1628.18,2024-09-11
1001.0,2317.14,05/03/2024
1004.0,4356.37,2025-04-14
1004.0,317.68,2025-10-22
1008.0,4820.49,2024-04-09
1007.0,3550.47,2024-08-23
1004.0,3276.46,2022-05-07
1004.0,,2022-09-22
1004.0,,08/11/2023
1003.0,4378.18,2022-06-06
1002.0,4522.32,2025-01-22
1009.0,866.5,2025-03-31
1005.0,3675.81,2023-02-16
,1348.91,2024-05-07
1000.0,error,2023-07-15
1000.0,3636.66,2024-05-20
1002.0,1911.36,2022-11-11
1006.0,674.46,2024-11-11
1004.0,3745.43,2022-11-24
1003.0,1386.32,2024-08-02
1004.0,1856.31,21/08/2022
1009.0,2497.2,2024-03-10
1008.0,2447.18,2022-12-09
1002.0,111.67,2023-12-17
1004.0,error,2023-12-02
1004.0,,2022-06-21
1003.0,4104.06,2024-10-27
,782.79,2022-04-21
1001.0,3583.32,2025-06-27
1009.0,300.24,2022-02-16
1009.0,2109.9,2023-11-09
1000.0,4683.71,2022-08-15
1000.0,2042.12,2023-04-22
1002.0,2314.77,2024-10-27
1009.0,4167.0,2023-08-15
1002.0,3887.19,2023-03-29
1006.0,624.99,2024-08-01
1000.0,1360.38,2022-08-25
1001.0,1165.63,2025-06-18
1009.0,4981.96,2022-08-29
1001.0,1183.78,2022-07-22
1008.0,4210.81,27/03/2025
1007.0,3761.3,2024-01-24
1009.0,4608.35,2024-03-01
1003.0,153.33,2022-02-14
1005.0,4187.15,2025-11-22
1002.0,1658.49,2024-05-10
1005.0,3264.92,2023-04-21
1008.0,,2025-12-01
1008.0,1162.8,invalid_date
1007.0,1142.43,2024-06-19
1006.0,1273.28,invalid_date
1008.0,2416.23,10/09/2024
1006.0,3944.63,2025-11-22
1007.0,4463.48,2022-12-11
1000.0,874.6,2023-01-19
1008.0,1936.23,18/05/2025
1003.0,2508.09,2025-04-03
1007.0,316.12,2023-03-26
1001.0,2893.25,2024-12-14
1010.0,2271.86,2023-11-22
1004.0,3598.35,2023-05-05
1000.0,4641.39,2025-04-10
1001.0,2125.88,2024-05-30
1003.0,2137.44,2023-04-04
,2086.67,2024-09-24
1008.0,3159.53,2023-08-28
1009.0,2519.38,2022-01-20
1010.0,1628.39,2025-07-14
1009.0,368.66,2023-10-30
1006.0,1304.31,2022-03-06
1010.0,2583.64,2022-06-02
1007.0,4750.25,2023-08-08
1002.0,3223.67,invalid_date
1007.0,2450.78,2023-07-25
1000.0,1237.15,2024-11-13
1001.0,790.37,2024-03-13
1000.0,587.57,2024-12-10
1001.0,4802.09,2025-03-14
1010.0,3045.27,14/05/2023
1000.0,,2024-05-11
1001.0,81.34,2022-01-05
1007.0,,2024-01-17
,864.29,2024-03-28
1006.0,3611.0,05/04/2025
1002.0,69.15,2025-01-02
1008.0,4972.65,2024-04-11
1005.0,4554.14,09/04/2024
1010.0,4655.71,2025-03-27
1001.0,1229.64,24/03/2025
1003.0,2285.78,2022-05-02
1001.0,746.87,2024-04-26
1009.0,,2024-05-18
1010.0,662.63,11/04/2025
1010.0,2527.58,2022-11-29
1006.0,1944.42,2023-07-29
1002.0,1677.41,2023-12-22
1004.0,,2025-02-08
1009.0,564.68,2025-10-06
1009.0,1424.38,2025-07-06
1005.0,2128.68,2022-07-23
1000.0,1139.23,2022-09-04
1007.0,2714.78,2025-11-14
,2701.8,2024-11-19
1007.0,2921.1,2025-09-13
1009.0,1491.86,2022-08-30
1006.0,2774.12,2022-02-17
,4732.74,2023-12-07
,4281.02,2023-04-30
1008.0,725.32,2022-02-03
1009.0,4237.26,2025-04-25
1003.0,2707.78,2023-02-23
,2392.1,27/09/2022
1010.0,2189.81,2024-05-04
1002.0,error,17/06/2022
1002.0,,2022-03-27
1003.0,3897.53,2023-01-12
1003.0,2335.72,2025-05-04
1007.0,1454.12,2024-12-17
1008.0,76.43,2023-01-28
1001.0,2928.18,2023-07-14
,255.71,2023-02-22
1006.0,3582.8,2025-02-25
1004.0,1640.03,28/01/2024
1006.0,3341.11,2023-11-22
1006.0,4393.02,2024-08-13
1002.0,804.85,12/12/2023
1001.0,3577.88,2022-05-28
1001.0,,2025-01-17
1010.0,1370.48,2023-02-19
1010.0,319.55,2025-01-01
1003.0,2778.71,2025-12-21
1006.0,1226.56,2023-08-29
1009.0,3046.53,18/01/2023
1001.0,2646.5,2024-01-26
1007.0,error,2023-11-12
1010.0,2889.41,2024-05-22
1002.0,,2024-07-31
1008.0,1241.79,2022-08-29
1010.0,2152.95,2023-06-11
1001.0,664.8,2024-10-18
1010.0,2527.65,2022-10-31
1010.0,4959.5,2022-03-03
1002.0,1624.03,2023-02-17
1006.0,4886.96,2025-03-16
1004.0,359.94,2024-12-01
1004.0,1124.78,2023-02-06
1005.0,2142.32,08/10/2022
1004.0,3948.23,2023-12-05
,3782.62,2025-07-08
,2845.61,2025-07-08
1010.0,error,2025-12-04
1008.0,4737.9,2024-04-23
1009.0,,2023-08-07
1003.0,2660.06,2024-02-29
1006.0,3250.29,2025-02-10
1007.0,406.48,2023-04-25
,861.6,2022-09-26
,1169.21,11/02/2024
1004.0,645.26,19/02/2022
1008.0,4600.52,2024-02-04
1003.0,2001.6,2025-04-09
,226.35,2025-06-17
1008.0,328.41,2024-08-04
1006.0,2832.23,2023-11-15
1008.0,2023.27,2024-08-26
1002.0,4726.81,2023-08-12
1007.0,75.29,2025-09-07
1010.0,2028.06,2024-07-05
1006.0,317.9,2023-06-28
1009.0,2581.04,2024-03-08
1010.0,3234.55,15/09/2023
1010.0,677.38,2025-02-10
1007.0,2221.85,2023-09-15
1000.0,220.7,2025-03-02
1002.0,3892.04,2025-02-20
1002.0,2856.91,2022-05-10
,1349.06,2022-05-19
1005.0,4969.29,08/08/2025
1004.0,,2023-05-20
1000.0,1931.7,2022-08-15
1007.0,4913.04,2023-10-10
1003.0,1176.16,2023-01-21
1005.0,553.92,2023-05-21
1003.0,4011.48,2022-04-10
1007.0,3755.96,2023-07-20
1003.0,1473.46,2023-11-11
1007.0,543.65,2025-10-27
1007.0,2391.48,2023-10-10
1006.0,2501.58,2022-08-18
1010.0,2119.63,2023-11-01
1009.0,3004.9,2025-01-15
1000.0,,2025-04-01
1004.0,3782.91,invalid_date
1005.0,4481.59,2023-07-30
1001.0,1426.76,2022-02-23
1002.0,2953.29,2024-12-09
1009.0,3062.87,2022-06-29
1001.0,4486.13,2024-08-18
1009.0,4606.05,17/02/2024
1005.0,2689.76,2023-06-12
1002.0,1439.49,2023-04-27
1010.0,4030.98,2023-11-16
1000.0,184.54,2022-11-30
1002.0,1120.21,2025-07-24
1005.0,4415.49,2025-05-25
1004.0,1089.99,2023-12-18
1004.0,1188.34,2023-06-25
1006.0,1234.81,12/11/2025
1010.0,773.89,25/05/2023
1008.0,145.37,2025-11-15
1001.0,3526.67,2025-12-04
1002.0,677.14,2024-02-09
1000.0,56.36,2023-10-14
1007.0,1853.82,2025-12-16
1005.0,3535.54,2023-11-06
,3938.98,2025-09-08
1006.0,412.24,2023-03-26
1005.0,3169.46,2025-09-20
1003.0,1836.27,2024-03-19
1006.0,2647.81,2022-09-04
1001.0,error,2024-12-30
1003.0,1111.81,28/09/2025
1005.0,1995.3,2024-03-06
1008.0,3942.63,invalid_date
1002.0,3869.45,2024-10-08
,4777.75,2024-09-04
1009.0,4119.36,2022-06-26
1002.0,3141.0,2023-05-31
1003.0,,2023-10-25
1000.0,4254.89,2022-11-11
1006.0,3869.8,invalid_date
,4347.29,2024-10-19
1002.0,1366.86,2023-05-23
1003.0,2332.0,2023-05-30
1009.0,2430.51,2024-10-24
1002.0,3857.72,invalid_date
1003.0,1955.41,2025-12-16
1000.0,4428.83,2024-06-25
1002.0,2167.89,2022-01-09
1008.0,3153.93,2025-04-14
1001.0,3575.71,2023-10-17
1004.0,1286.79,11/02/2023
1009.0,3505.72,2022-10-05
1010.0,1467.61,2022-03-21
1006.0,690.83,04/01/2024
1001.0,3985.55,2024-09-15
1006.0,4208.84,2025-02-05
1002.0,,2023-09-27
1002.0,1160.88,2024-11-26
1006.0,3717.39,2025-04-29
1002.0,1696.12,2022-07-30
1004.0,2298.21,2025-06-28
1004.0,error,2023-07-15
1003.0,2783.96,2022-03-17
1006.0,3092.22,2024-11-03
1002.0,3430.93,2024-07-11
1000.0,3394.69,2023-07-30
1003.0,4955.05,2022-03-23
,1847.68,2022-05-30
1007.0,1467.39,2024-04-23
1005.0,1707.36,2025-03-18
1002.0,1416.17,2022-06-17
1008.0,4495.07,2025-01-19
1002.0,697.38,2024-10-29
1010.0,,2024-10-04
1010.0,2575.63,2022-04-13
1008.0,900.55,2023-12-31
1001.0,355.37,2024-05-15
1006.0,3068.03,2024-04-28
1010.0,4901.7,2022-08-30
1001.0,342.32,05/05/2025
1001.0,,invalid_date
1007.0,2331.27,2023-06-19
1009.0,451.8,2023-10-01
1001.0,2748.77,28/02/2022
1007.0,1512.9,2022-12-23
1007.0,3920.38,invalid_date
1000.0,4546.62,2022-04-08
1008.0,3626.14,02/04/2024
1000.0,1767.64,2024-12-16
1006.0,2712.46,2023-11-15
1000.0,1624.85,2023-08-13
1008.0,,2022-05-26
1009.0,1128.33,2023-03-05
1001.0,4133.29,2022-07-14
1004.0,2950.25,2023-08-28
1008.0,2351.29,2022-06-22
1009.0,1377.29,15/09/2024
1001.0,3475.52,2025-08-16
1006.0,3189.19,2022-04-03
1006.0,1876.88,2024-04-19
1010.0,1389.69,2024-03-02
1002.0,1923.6,2025-09-19
1010.0,3478.51,2023-09-12
1009.0,2706.72,2022-02-02
1005.0,1173.65,2023-07-28
1004.0,2775.5,2024-03-26
1006.0,3139.63,2022-08-01
1006.0,706.17,2024-05-28
1005.0,3198.72,2024-07-21
1005.0,2273.8,2025-06-21
1008.0,891.24,invalid_date
1005.0,1528.28,2023-04-24
1008.0,3713.9,2024-06-21
1009.0,,2024-09-12
1007.0,886.92,invalid_date
1001.0,4602.89,2024-03-21
1004.0,4708.59,2023-02-26
1007.0,2838.46,2022-09-02
1009.0,1944.88,2025-01-21
1001.0,3839.07,2023-06-05
1006.0,,2022-10-14
1003.0,1400.33,20/09/2025
1002.0,error,2024-04-03
1010.0,3151.67,2025-11-15
1006.0,4364.05,22/04/2023
1005.0,3058.18,2022-06-01
1008.0,52.4,01/01/2022
1002.0,331.59,06/05/2022
1000.0,2584.38,30/07/2023
1007.0,959.98,2025-06-21
1010.0,1612.31,2023-08-07
1000.0,,2022-06-12
1003.0,870.6,2023-01-31
1001.0,3130.48,2023-09-18
,3483.92,2025-07-07
1000.0,4593.36,23/09/2025
1007.0,266.94,2024-11-28
1002.0,2912.63,2024-08-24
1008.0,2214.81,2024-06-28
1009.0,1625.9,2022-12-25
1000.0,4540.5,2023-12-06
1002.0,4799.85,26/11/2023
,,2022-11-15
1006.0,134.88,2022-11-04
1003.0,3636.14,2023-08-03
1005.0,979.01,2024-03-10
1006.0,4376.28,2025-03-15
1010.0,99.92,2023-06-11
1006.0,781.4,2025-01-17
1001.0,1015.96,2023-03-02
,4869.06,2024-03-03
1001.0,3624.29,2022-05-25
1006.0,3278.88,2022-09-22
1005.0,640.35,2025-02-15
1007.0,error,2022-07-25
1010.0,1731.62,2024-09-22
1001.0,1465.62,invalid_date
1007.0,3485.57,2024-11-13
1000.0,,2022-09-04
1010.0,2737.1,2025-08-08
1002.0,4483.1,2024-01-10
1003.0,3957.44,2022-08-10
1008.0,219.15,2025-06-26
1010.0,error,invalid_date
1003.0,3822.63,2025-02-09
,847.95,2025-08-24
1004.0,,2023-04-07
1000.0,1221.16,2024-11-27
1005.0,,2024-09-23
1010.0,2095.67,invalid_date
1009.0,2077.87,2025-11-13
1004.0,2791.13,2023-02-20
1008.0,4076.55,2022-05-05
1005.0,2428.93,invalid_date
1009.0,1903.96,2022-08-18
1006.0,error,2024-10-19
1003.0,747.51,2024-12-15
1008.0,4916.85,09/08/2025
1005.0,3549.44,2022-01-04
1004.0,error,2023-10-16
1000.0,,2025-06-29
,72.19,31/08/2025
1008.0,590.46,2022-06-20
1000.0,,2024-11-02
1006.0,1441.42,2025-04-10
1001.0,3929.95,2022-09-16
1001.0,1548.48,2024-07-11
1009.0,3244.87,20/07/2025
1006.0,3003.75,2022-10-27
1010.0,2159.87,invalid_date
1005.0,3739.39,2022-07-17
1010.0,611.64,2023-04-02
1009.0,4339.29,2022-04-18
1006.0,3609.59,2023-03-13
1003.0,1186.64,2023-10-07
1006.0,2245.16,2023-06-05
1004.0,1673.98,2024-02-15
1002.0,4619.12,2023-02-21
1010.0,2608.16,26/11/2022
1010.0,3115.13,2024-01-05
1009.0,1558.06,2025-06-09
1000.0,1641.53,2024-03-21
1002.0,1460.91,invalid_date
,1007.9,2025-10-12
,4328.53,2025-06-03
1010.0,3360.24,2022-06-04
,3550.77,2024-01-19
1006.0,1884.08,2024-02-08
1005.0,815.67,2024-01-11
1007.0,934.02,2022-07-19
1000.0,4375.43,invalid_date
1005.0,880.82,2024-10-02
1009.0,833.04,2023-10-06
1000.0,error,2024-05-07
1007.0,,2022-05-30
1001.0,3573.15,24/10/2022
1008.0,2133.56,2023-01-18
1010.0,3436.54,2023-10-06
1000.0,1925.55,2023-10-06
1004.0,2932.84,2022-04-25
1002.0,1445.12,2023-08-25
1009.0,,2022-02-08
1001.0,4636.14,2022-02-11
,4923.92,2025-05-19
1009.0,4358.74,2022-04-30
1002.0,3433.45,2025-01-22
1001.0,4101.32,2025-07-02
1002.0,,2022-07-05
1007.0,3629.56,25/07/2022
1006.0,164.58,2025-06-10
1000.0,1114.28,2023-01-12
1000.0,2891.18,2024-04-24
1003.0,1435.95,15/08/2023
1001.0,4457.08,2025-11-12
1008.0,3757.29,2024-10-21
1006.0,4401.63,2023-12-12
1008.0,105.68,2023-10-08
1002.0,4827.19,2022-01-04
1000.0,338.1,invalid_date
1001.0,4982.41,2022-08-16
1006.0,1555.34,2024-04-24
1008.0,2076.17,2024-07-06
1009.0,4261.34,2022-10-13
1009.0,134.08,16/06/2022
1003.0,4568.4,2025-12-12
1007.0,4548.67,2022-06-26
1004.0,4590.19,2022-06-02
1003.0,2758.67,invalid_date
1008.0,3923.46,2024-12-23
1009.0,,2024-10-16
1007.0,4298.79,2025-11-21
1006.0,1502.31,2023-02-15
1007.0,2311.06,2024-01-31
1000.0,3664.45,2024-02-14
1007.0,2666.83,2025-01-11
1009.0,1708.04,2022-04-26
1004.0,4048.42,2022-10-02
1004.0,4113.13,2022-01-11
,3207.52,2022-07-26
1002.0,2994.65,2025-09-17
1000.0,2014.35,2022-07-31
1007.0,2442.13,2024-11-10
1001.0,2624.16,2024-03-31
1000.0,1733.56,2022-04-26
1007.0,880.73,2022-03-09
1006.0,,2024-05-12
1005.0,,2022-04-10
1009.0,4175.55,22/02/2024
1005.0,932.64,invalid_date
1005.0,2234.54,2023-03-25
1000.0,2239.37,2022-11-17
1002.0,1311.93,2025-11-23
1005.0,2402.95,2025-12-07
1005.0,3081.12,2025-01-05
1000.0,1672.44,2023-04-07
,4302.42,2024-10-23
1003.0,1653.37,2023-06-01
1000.0,499.09,2025-05-14
1009.0,586.92,2023-07-28
1000.0,3517.41,2022-06-27
1005.0,1551.83,24/11/2023
,4564.3,2022-12-21
1002.0,4721.04,2023-02-13
1002.0,104.91,2024-11-17
1000.0,4027.21,2023-05-30
1000.0,475.54,2022-03-28
1002.0,2148.87,invalid_date
1003.0,1697.67,2025-07-31
1009.0,234.35,2023-05-21
1000.0,4775.35,2025-11-22
1009.0,4462.41,2022-04-23
1006.0,2623.13,2025-07-29
1003.0,2066.26,2022-03-14
1006.0,1273.52,2022-04-04
1000.0,4669.66,2024-03-09
1000.0,,2023-09-03
1006.0,781.23,2022-07-01
1007.0,,2022-02-26
1005.0,4385.12,invalid_date
1005.0,,2024-10-31
1000.0,4661.63,2023-03-22
1004.0,3529.09,2022-05-01
1003.0,4658.87,invalid_date
1000.0,4627.78,2025-05-24
1005.0,2507.53,2024-02-06
1000.0,1030.09,2025-10-30
1003.0,4088.65,2025-01-17
1008.0,2140.45,2024-05-16
1010.0,2305.61,2023-10-10
1003.0,2072.96,2023-10-05
1010.0,3751.93,2023-12-04
1007.0,3869.76,2024-07-25
1006.0,3929.49,2023-04-22
1002.0,3346.02,2024-05-08
1002.0,4012.3,2023-10-20
,,07/05/2022
1010.0,1310.2,2025-07-09
1005.0,2990.97,2023-06-14
1003.0,,2023-12-11
1009.0,3414.87,29/06/2024
1000.0,387.97,invalid_date
1003.0,2076.2,2024-10-25
1003.0,547.71,invalid_date
1001.0,3022.95,invalid_date
1006.0,2567.37,2025-09-04
1002.0,3140.82,2023-04-04
1005.0,1470.3,2025-11-09
1009.0,2495.03,19/04/2024
1008.0,3179.89,02/03/2022
1006.0,995.46,2024-07-07
1000.0,2986.75,2024-07-27
1005.0,303.99,2022-12-03
1002.0,4550.89,2024-04-05
1004.0,2939.11,2023-10-05
,133.35,14/10/2023
1002.0,3423.61,22/12/2023
1008.0,2023.98,2023-02-18
1010.0,1574.22,2023-09-14
1000.0,3057.83,2025-07-21
1007.0,3853.54,2025-02-24
1008.0,4103.35,2024-07-29
1002.0,1535.81,2022-03-21
1000.0,2403.78,2023-01-28
1002.0,1834.99,2023-09-20
,809.25,2023-02-11
1003.0,1009.07,2025-05-07
1008.0,1646.18,2025-04-09
1010.0,2634.13,2024-03-21
1000.0,3361.67,2024-09-02
1004.0,1886.0,2023-08-02
1004.0,4706.61,2023-03-06
1000.0,2635.39,2025-07-18
1002.0,1219.71,04/09/2025
1003.0,3780.31,2025-01-05
1002.0,1394.96,2024-10-23
1009.0,446.79,2022-01-09
1008.0,2700.26,2024-04-02
1008.0,2691.41,2023-05-09
1010.0,2172.53,2023-01-30
1004.0,4700.32,19/01/2023
1009.0,3563.27,2024-11-10
,2266.2,2023-11-04
1003.0,2107.63,2023-12-09
1004.0,648.97,2023-11-16
1009.0,2831.34,2022-07-30
1005.0,2310.92,invalid_date
1009.0,4291.84,2023-10-11
1002.0,2019.07,2022-12-04
1004.0,,02/11/2025
1005.0,,2023-12-07
1003.0,980.93,2025-06-10
1002.0,436.58,2022-11-02
1009.0,3098.94,2022-02-05
1002.0,289.88,2024-07-18
1006.0,990.44,2022-08-22
,3811.19,2024-07-05
1009.0,224.64,2025-11-05
1006.0,3750.29,2025-05-09
1006.0,3390.67,2024-12-19
1006.0,1895.91,2022-03-26
,229.07,2025-12-06
1009.0,500.78,2022-01-08
1001.0,2023.0,2023-05-15
1009.0,4171.72,2023-10-18
1001.0,65.78,2022-07-17
1001.0,819.34,2024-12-25
,error,2023-10-08
1009.0,937.74,18/09/2022
1000.0,error,2022-12-01
,1287.35,2025-02-25
,2743.87,2025-09-06
1010.0,2368.39,2025-09-07
1005.0,4774.86,02/08/2022
1002.0,3830.41,26/04/2025
1010.0,4889.67,2023-09-20
1006.0,1615.64,2023-03-01
,3118.9,2025-12-21
1008.0,2003.87,2023-06-20
1000.0,2972.14,2022-03-17
1010.0,1374.71,2023-10-30
1004.0,4415.2,2023-03-17
1001.0,348.29,2025-06-19
1008.0,,2024-09-19
1007.0,3112.92,2022-10-11
1007.0,4424.23,2022-01-01
1010.0,2233.46,2024-12-17
1004.0,2787.09,27/05/2025
1010.0,4750.68,2024-12-28
1005.0,2295.96,invalid_date
1010.0,4093.28,2024-03-29
1001.0,2786.86,2025-08-11
1006.0,467.09,2025-10-14
1006.0,4572.84,2023-10-02
1010.0,433.32,2023-03-22
1007.0,1564.16,2022-04-14
1003.0,4800.9,2023-07-01
1008.0,2152.19,2023-09-29
1006.0,4848.44,2022-03-12
1002.0,879.21,2024-03-10
1009.0,2463.43,26/12/2024
1009.0,3590.39,22/10/2025
1008.0,1748.27,05/05/2025
1009.0,3125.54,2024-06-20
1010.0,1773.35,2025-11-24
1004.0,4958.48,2025-08-27
1009.0,,2023-10-02
1003.0,3499.58,2023-01-04
1002.0,4024.11,invalid_date
1005.0,3386.89,2024-03-22
1008.0,2470.88,2025-07-30
1008.0,761.63,2025-06-16
1000.0,2777.87,2023-06-20
1002.0,2824.56,2025-07-26
1004.0,346.39,2024-02-02
1001.0,4271.27,2022-05-06
1003.0,750.7,2022-02-12
1007.0,537.99,2025-10-25
1003.0,245.04,2023-03-21
1005.0,1527.86,2024-09-13
1007.0,3732.05,2025-04-22
1000.0,753.63,2022-10-04
1004.0,3427.4,28/01/2022
1006.0,1228.89,2022-02-19
1002.0,error,invalid_date
1002.0,3136.05,2025-03-04
1005.0,669.94,2023-10-12
1001.0,932.37,2025-05-17
1005.0,2643.02,2023-04-01
1009.0,3791.76,2023-11-19
1001.0,1248.95,2024-04-23
1010.0,error,2024-06-18
1005.0,4777.02,2022-09-11
1007.0,536.75,2024-03-27
1010.0,1855.54,06/10/2025
1007.0,1741.32,30/09/2023
1010.0,3072.85,2024-06-04
1000.0,error,2024-11-05
1005.0,,2022-10-05
1003.0,,2025-09-30
1009.0,3015.05,2022-04-28
1005.0,1987.75,2022-06-14
1009.0,2324.39,2022-01-19
1010.0,1668.31,invalid_date
1007.0,2321.4,2022-10-21
1006.0,2548.95,2022-06-25
1006.0,,2023-05-14
1005.0,2103.57,12/04/2022
1000.0,2884.68,24/07/2025
1000.0,4948.09,2024-01-31
1009.0,1777.03,2023-03-24
1001.0,915.77,11/08/2022
1000.0,3672.14,2023-10-25
1002.0,3103.47,2024-01-17
1003.0,3907.07,2023-10-01
1006.0,756.79,2025-11-20
1005.0,error,2022-11-26
1001.0,1923.06,2025-09-01
,4118.66,2024-06-22
1005.0,2846.02,2022-08-23
1007.0,1782.89,2024-03-20
1006.0,3120.0,2023-10-17
1010.0,849.7,2023-08-13
1003.0,3831.25,2024-10-17
1010.0,4240.16,2023-04-10
1001.0,2133.92,2022-04-22
1006.0,191.12,2025-09-08
1009.0,3017.51,2025-04-11
1000.0,2070.24,2025-03-31
1008.0,2846.17,29/10/2022
1009.0,3551.7,2023-03-09
1005.0,1907.35,2022-01-23
1000.0,4840.99,2025-04-30
1006.0,4954.15,2024-03-13
1002.0,1388.73,2024-04-16
1005.0,4364.38,2023-01-06
1010.0,1889.83,2025-12-16
1003.0,1942.55,2025-07-21
1007.0,4287.5,2025-10-05
1009.0,195.21,2025-11-18
1001.0,1317.61,2022-03-25
1000.0,142.51,2023-04-12
1002.0,289.68,2024-01-26
1009.0,527.96,22/05/2024
1007.0,1464.16,2022-05-03
1010.0,1837.03,invalid_date
1010.0,2012.43,2024-09-15
1007.0,4456.74,2022-12-19
1000.0,,2023-06-23
1006.0,4472.22,26/11/2025
1000.0,600.99,2025-10-05
1008.0,2585.09,2022-11-05
1000.0,292.3,2023-05-24
1004.0,3074.27,2022-11-10
1003.0,4837.63,18/02/2024
1000.0,2640.32,2024-07-04
1004.0,1277.41,2025-08-30
1007.0,875.25,2022-04-03
1009.0,2257.39,2024-09-15
1001.0,1526.7,2024-03-24
1008.0,2093.03,2025-10-13
1002.0,4915.6,2025-12-20
1010.0,754.98,2023-05-18
1006.0,1258.41,2023-05-28
1001.0,3999.5,2022-09-05
1000.0,1828.96,2023-09-08
1002.0,1418.54,2024-02-06
1006.0,3439.61,31/05/2023
1002.0,477.93,2022-09-04
1004.0,1797.06,2024-05-07
1005.0,1255.41,02/11/2024
1006.0,3118.41,2025-06-28
1004.0,2980.09,2025-08-24
1008.0,error,12/01/2024
1005.0,984.77,2025-01-30
1006.0,3855.08,2022-08-10
1000.0,1177.07,2023-06-27
1000.0,3709.83,2025-01-26
1002.0,,2025-12-27
1000.0,2457.05,2024-10-03
1005.0,3649.89,2025-05-10
1008.0,3312.76,2023-11-03
1004.0,2786.94,10/11/2024
1001.0,,2025-12-20
1001.0,4265.84,2024-06-10
1010.0,4609.47,2025-06-11
1009.0,3736.23,2025-03-17
1000.0,4978.46,2022-10-06
1009.0,2188.66,2022-08-30
1002.0,3130.27,2025-07-24
1005.0,177.44,2022-02-17
1003.0,error,2024-12-11
1008.0,1511.72,2025-11-26
1000.0,3110.26,2023-08-08
1008.0,4863.27,2025-06-13
1005.0,960.46,2023-05-06
1008.0,,2023-04-17
1001.0,4692.95,2022-03-09
1000.0,1678.33,2023-04-09
1005.0,401.82,2023-01-31
1002.0,747.45,2022-08-07
1003.0,4341.84,2022-02-10
1009.0,3595.02,2023-02-24
1006.0,3199.25,2023-05-27
1010.0,4413.92,2022-04-10
1001.0,987.8,2025-09-28
1002.0,2910.88,2025-09-15
1009.0,2031.89,2023-01-23
1001.0,3116.85,invalid_date
1002.0,4786.79,2025-12-04
1008.0,3778.45,2022-12-15
1008.0,4455.71,2024-03-24
1005.0,4905.79,2022-01-15
1004.0,3824.45,2024-11-11
1003.0,3823.14,2022-03-08
1009.0,4400.89,2025-07-07
1003.0,1918.98,2025-06-18
1009.0,3991.56,2023-06-15
,951.46,2024-06-07
1010.0,4295.97,23/08/2023
1000.0,1903.28,2025-08-26
1006.0,4345.97,2025-04-25
1004.0,4556.56,invalid_date
1006.0,681.41,2022-03-13
1003.0,981.58,2022-02-24
1003.0,1338.16,2025-06-23
1010.0,4997.4,2023-09-24
1003.0,3019.64,25/07/2022
1003.0,194.83,2023-11-25
1000.0,2864.98,2023-07-12
1003.0,609.03,2023-01-13
1007.0,2681.76,2025-09-03
1009.0,4594.59,2023-09-24
1008.0,4616.61,2023-03-16
1004.0,2110.92,2025-10-15
,1946.66,2025-12-31
1010.0,824.4,2022-04-28
1003.0,4684.79,2022-12-01
1006.0,4308.38,2022-07-27
1010.0,4207.56,2024-01-07
1007.0,2208.4,2023-11-14
1010.0,1351.45,2022-05-25
1005.0,3365.25,2025-05-23
1007.0,2844.89,2023-11-09
1004.0,2641.63,2025-07-09
1000.0,222.38,invalid_date
1001.0,2008.05,2025-01-28
1009.0,3753.09,2025-08-10
1000.0,error,2025-08-13
1005.0,4325.7,2023-02-05
1001.0,734.15,2022-12-02
1008.0,203.61,2025-12-19
1006.0,4228.44,2023-05-30
1004.0,4091.11,2024-03-19
1000.0,2225.47,2023-04-14
1008.0,2792.16,2024-02-04
1001.0,4560.39,2024-12-02
1006.0,519.75,2024-01-24
1003.0,1904.68,2024-03-24
1007.0,728.8,2023-06-21
1009.0,1154.34,29/11/2022
1006.0,2962.22,2025-11-28
1002.0,1399.2,2024-06-09
1004.0,2083.15,18/01/2024
1003.0,4019.8,2024-01-14
1005.0,3952.1,2023-09-18
1000.0,4007.72,2022-02-18
1005.0,4101.61,2025-02-06
1010.0,3523.08,2024-10-17
1008.0,3469.79,2024-01-02
1001.0,304.74,2023-08-07
1002.0,4001.5,2024-07-27
1010.0,4859.2,16/08/2025
1005.0,1165.9,2025-09-01
1008.0,2525.34,2023-09-18
1007.0,820.62,2023-09-15
1010.0,1201.24,2025-07-05
,789.0,2025-06-06
1005.0,1815.28,2024-01-26
1003.0,545.89,01/09/2022
1004.0,,2022-11-10
1000.0,1298.69,2023-09-23
1008.0,3044.23,2024-12-12
1000.0,4466.04,2025-07-01
1009.0,1240.17,2023-07-14
1008.0,1650.97,2024-02-12
1003.0,736.56,2025-03-25
1005.0,411.8,2022-03-05
1007.0,4421.41,2022-02-26
1003.0,4054.06,2025-01-14
1006.0,612.96,2025-01-10
1005.0,4635.36,2025-12-26
1007.0,,2022-08-15
1001.0,2922.62,2025-03-27
1008.0,2828.48,2023-09-21
1001.0,2587.69,2022-12-25
1008.0,777.56,2024-12-28
1009.0,4219.52,invalid_date
1003.0,3735.56,2025-11-17
1006.0,1030.51,2024-03-18
1002.0,2889.78,2023-11-06
1006.0,2991.29,2025-12-11
1005.0,2442.94,2023-12-13
1010.0,3558.9,2022-04-06
1003.0,3999.82,2023-02-04
1009.0,3100.13,2024-07-29
1009.0,4611.61,2024-10-07
1001.0,,2022-02-20
1009.0,815.63,2022-04-21
1010.0,344.59,2025-01-18
1003.0,3689.74,2022-03-13
1006.0,3384.98,29/11/2025
1004.0,1179.8,2023-07-11
1005.0,1482.73,2024-05-01
1010.0,131.32,2025-01-12
1008.0,3820.79,invalid_date
1002.0,2237.77,2023-04-27
1003.0,3382.08,2023-04-29
,806.37,2022-05-06
1004.0,3177.85,2025-10-30
1005.0,1152.51,2023-02-22
1001.0,,2022-03-12
1004.0,838.77,2022-06-22
1000.0,3338.74,2023-01-14
1005.0,261.23,2025-03-03
1008.0,4590.53,2025-04-15
1000.0,2179.01,2025-11-27
1004.0,2367.8,2024-02-04
1007.0,2098.91,2023-10-10
1000.0,3692.98,2022-04-04
1001.0,415.14,2022-08-19
1007.0,1455.76,2024-12-13
1007.0,3921.07,2022-03-10
1005.0,4556.32,16/05/2025
1008.0,error,07/01/2025
1010.0,3752.5,2023-02-14
1005.0,,2025-03-26
,3675.96,07/10/2023
1003.0,3167.09,2024-02-20
,1663.16,2024-12-02
1000.0,1052.37,2022-04-19
1001.0,error,invalid_date
1006.0,1443.54,invalid_date
1010.0,2667.77,2023-05-21
1005.0,error,invalid_date
1008.0,1564.16,2022-08-04
1001.0,1533.23,2023-06-07
1005.0,4379.97,2024-12-11
1003.0,3615.64,2025-11-06
1010.0,3956.06,2023-12-29
,4426.69,2022-07-05
1001.0,4979.64,invalid_date
1003.0,2125.01,2024-09-30
1004.0,885.99,2023-12-21
1002.0,2055.14,2023-11-07
1005.0,4047.43,2023-03-08
1010.0,3487.06,2024-09-22
1009.0,238.93,2023-04-23
1007.0,837.61,2025-10-23
1006.0,280.51,2025-01-30
1002.0,3102.48,2022-05-01
1002.0,4982.92,2024-12-14
1006.0,4373.4,2022-12-03
,84.46,2024-07-18
1001.0,1771.66,2023-04-24
1006.0,3646.92,2023-03-22
1009.0,error,2023-12-07
1005.0,206.98,05/03/2023
1004.0,1886.11,2025-03-27
1000.0,1723.81,2022-03-29
1000.0,3094.39,2022-12-07
1002.0,3180.44,2022-01-21
1008.0,1508.7,2025-01-16
1002.0,1931.02,2023-09-19
1004.0,2272.19,2025-11-19
1000.0,902.02,2024-08-20
1004.0,221.79,2024-06-05
1007.0,4510.24,10/07/2023
1010.0,3205.25,2024-11-17
,2288.73,2025-10-29
1007.0,1427.42,2022-10-23
1007.0,1814.61,2023-03-17
1010.0,error,2022-09-10
1006.0,error,invalid_date
1001.0,4321.38,2025-07-26
1000.0,4997.46,14/04/2025
1005.0,701.36,2023-11-10
1001.0,1220.02,21/05/2025
1000.0,2027.51,2025-11-17
1006.0,3591.99,2025-07-23
1005.0,error,2023-02-18
,1734.81,2023-03-20
1007.0,415.8,2023-03-18
1007.0,2090.72,2024-07-06
,3999.05,2025-03-12
1002.0,4543.99,2025-10-05
1005.0,,2024-05-14
1009.0,2844.92,2023-02-08
1001.0,2530.75,2025-06-15
1010.0,1384.6,2022-09-29
1004.0,1004.73,2024-05-11
1007.0,2140.65,2025-07-22
1004.0,3047.81,31/07/2025
1001.0,2895.01,06/12/2022
1009.0,4989.52,2022-03-31
1008.0,3435.05,2022-12-10
1009.0,error,2025-07-02
1008.0,,2022-01-30
1001.0,2172.8,2022-01-19
1007.0,3955.03,2022-10-10
1001.0,3257.41,2024-06-16
1004.0,3899.2,2023-06-11
,1425.0,2022-07-04
1004.0,715.59,2025-11-23
1002.0,4039.24,2023-07-23
1006.0,4995.88,2025-02-23
1000.0,3457.88,26/04/2023
1003.0,1742.02,2022-09-30
1008.0,3321.33,2023-11-22
1002.0,3762.73,2025-05-29
1003.0,3352.9,2023-09-18
1000.0,1493.86,2022-12-24
1002.0,1915.56,2023-05-09
1000.0,4739.18,2022-10-08
1000.0,813.37,2023-08-19
1010.0,4820.97,2023-12-27
,103.71,27/11/2024
1007.0,error,2024-01-03
1000.0,2113.42,2022-10-13
1004.0,3752.97,2024-07-05
1007.0,273.56,2024-08-20
1002.0,3870.36,2023-05-22
1003.0,3383.96,2025-03-27
1006.0,3549.58,29/03/2022
1010.0,4208.99,2022-01-31
1008.0,3328.09,09/11/2024
1008.0,83.17,31/12/2022
1009.0,3265.49,2024-07-19
1001.0,2905.12,2023-09-18
1009.0,3303.82,2024-10-11
1005.0,2438.92,2025-10-10
1005.0,2431.32,2025-02-10
1008.0,,2025-03-27
1002.0,3431.3,28/01/2023
1010.0,1451.71,14/06/2024
1004.0,3717.11,2022-02-19
1003.0,4804.47,2025-12-03
1003.0,1205.06,2023-03-28
1003.0,4665.29,2022-02-02
1007.0,1585.45,2025-04-19
1007.0,4321.67,2025-12-04
1004.0,1130.45,2023-09-09
1003.0,806.82,2023-11-07
1000.0,1646.92,2025-04-16
1002.0,1425.07,2023-01-09
1008.0,4072.39,2025-07-21
1006.0,3698.99,2023-03-01
1009.0,2823.36,2022-02-27
1006.0,621.91,2023-07-22
1008.0,591.26,2023-10-14
,1747.38,2025-12-31
1003.0,2312.68,2024-01-01
1007.0,4032.68,2023-06-02
1006.0,error,2022-03-14
,error,2023-02-28
1010.0,679.04,2023-07-29
1010.0,,2025-06-23
1002.0,1979.31,2025-04-25
,1091.76,06/07/2023
1009.0,2740.74,2023-10-05
1007.0,1283.99,27/12/2023
1001.0,3582.55,2023-09-03
1006.0,212.37,2024-12-03
1004.0,1324.8,2025-01-17
1003.0,914.76,2022-07-29
1008.0,1599.6,2023-04-21
1009.0,1029.21,2024-03-16
1004.0,4370.53,2022-07-31
1005.0,4224.95,2025-03-07
1002.0,4381.65,2024-07-15
1001.0,2209.55,2025-06-11
1009.0,4047.55,2025-07-01
1005.0,3123.19,2024-06-29
1003.0,,2022-07-01
1001.0,,2025-09-22
1007.0,2604.22,2022-05-11
1004.0,2220.58,2022-01-06
1009.0,1213.62,2025-10-22
1004.0,4734.97,invalid_date
1001.0,4641.46,2023-03-30
1010.0,429.91,2022-12-02
1008.0,2938.75,02/05/2025
1003.0,3827.24,2023-07-23
1003.0,error,2023-06-16
1000.0,4574.3,2024-05-26
1010.0,4109.24,2022-02-01
1001.0,1177.34,2022-12-19
1006.0,403.84,2024-02-16
1008.0,1502.36,2023-12-14
1004.0,4934.55,2024-07-13
1006.0,2072.54,2022-10-28
1008.0,3160.81,2022-12-16
1002.0,4227.42,2022-01-10
1009.0,1142.53,2022-11-20
,2407.36,2022-10-12
1001.0,2224.72,invalid_date
1005.0,1907.75,2024-03-03
1002.0,1281.4,2023-07-29
1000.0,3948.66,2022-01-02
1008.0,3894.95,2023-05-19
1003.0,4308.5,2022-05-30
,3534.24,2025-11-03
1002.0,3396.99,2023-11-16
1006.0,4779.94,2022-03-14
1004.0,3424.6,03/06/2025
1002.0,608.62,2023-03-29
1004.0,855.17,24/07/2022
1002.0,1233.88,2023-04-29
1008.0,332.43,2023-03-04
1005.0,4666.14,2025-10-06
1003.0,1114.33,2023-07-30
1002.0,2655.93,2024-02-26
1000.0,4164.44,2022-08-31
1001.0,1659.41,2023-07-22
1000.0,3267.92,2024-12-12
1004.0,4584.07,04/11/2024
1004.0,2006.16,2024-03-18
1004.0,,2022-09-07
1003.0,4313.46,2022-07-29
1003.0,505.87,2023-02-02
1001.0,1678.55,2022-09-28
1006.0,3973.81,2025-05-13
1010.0,288.48,invalid_date
1008.0,855.72,2023-04-21
1000.0,1956.69,2025-05-23
1004.0,2760.86,2024-03-20
1005.0,3994.14,2024-08-28
1004.0,error,2024-01-04
1010.0,730.71,2022-06-12
1009.0,4540.13,2025-03-20
1001.0,2423.85,2025-09-08
1005.0,4738.98,2023-11-16
1006.0,1170.34,19/03/2024
1006.0,1717.17,2023-02-19
1008.0,4773.6,2022-04-20
1004.0,2570.98,2024-06-01
1003.0,4983.09,invalid_date
1007.0,4243.35,2022-06-03
1009.0,1198.99,2023-07-12
1008.0,3316.44,2024-06-19
1010.0,1355.81,2022-12-26
1010.0,2640.18,2023-09-15
1006.0,3702.15,2025-04-11
1008.0,816.31,2023-04-25
1004.0,1863.13,2024-03-22
1009.0,1481.77,invalid_date
1005.0,833.09,2025-09-09
1007.0,1591.75,2024-04-04
1005.0,3996.38,2025-08-29
1007.0,2737.05,2025-04-27
1005.0,2477.73,2024-12-21
1004.0,3090.51,2022-11-24
1007.0,,2025-03-25
1002.0,1825.48,invalid_date
1010.0,3319.12,2025-07-22
1003.0,4013.12,2025-12-19
1002.0,1329.22,2025-01-02
1003.0,4584.84,2024-07-26
1006.0,3094.77,20/12/2024
1000.0,394.88,2025-02-04
1000.0,3108.15,2022-06-23
1007.0,3597.25,2023-03-03
1007.0,677.51,2025-03-07
1009.0,1490.18,2024-08-02
1009.0,2698.86,2023-11-04
1007.0,2574.96,invalid_date
1007.0,,2023-05-17
1006.0,2522.12,2025-06-18
1009.0,4953.76,2025-08-01
1001.0,1515.23,2024-10-05
1006.0,1933.56,2025-01-23
1003.0,4914.02,2024-12-18
1005.0,1161.87,2024-07-31
1006.0,1614.33,invalid_date
1008.0,3945.45,2024-06-14
1006.0,3572.88,2022-09-07
1003.0,error,2025-08-08
1001.0,3183.32,2024-01-24
1010.0,722.98,2025-01-08
1002.0,3316.76,2022-03-01
1008.0,849.98,2023-10-23
1009.0,2743.04,2023-05-10
1008.0,1074.32,2023-12-15
1007.0,4142.56,2024-11-28
1001.0,794.61,2022-10-23
1000.0,923.19,2023-09-03
1004.0,3487.64,2025-07-02
1004.0,792.64,2024-05-29
1001.0,1028.76,2023-08-04
1001.0,2754.75,2024-07-12
1001.0,933.54,2023-04-16
1003.0,579.77,2024-11-17
1007.0,4521.48,2024-12-17
,1733.22,2022-07-09
1004.0,3782.83,2024-09-05
1000.0,1103.91,2023-06-08
1001.0,4586.25,2024-03-18
1010.0,1283.34,2025-02-06
,2251.38,2022-05-27
1001.0,4169.53,2024-08-04
1006.0,4340.96,invalid_date
1002.0,2369.91,2023-08-12
1006.0,611.5,2023-05-18
1001.0,,2023-03-18
1004.0,957.46,2023-07-10
1005.0,1398.21,04/04/2024
1009.0,749.84,2022-01-23
1005.0,4962.64,2022-12-30
1002.0,4330.74,2023-09-10
1002.0,3913.31,2025-10-08
1006.0,4297.24,2025-07-09
1007.0,4641.17,2023-06-28
1001.0,2795.44,2024-01-22
1006.0,,2024-05-01
1004.0,291.28,2025-05-11
1006.0,,2024-08-31
1008.0,1628.53,2024-08-24
1008.0,3848.91,2025-08-28
1010.0,2028.35,2023-12-30
1010.0,4581.0,2024-07-14
1004.0,457.2,2024-09-21
1006.0,568.92,2024-04-13
1004.0,,2025-01-30
1005.0,528.34,2022-03-06
1003.0,224.63,2023-05-07
,3688.94,2024-12-02
1005.0,3158.96,2025-11-18
1009.0,4208.53,2022-04-24
1006.0,122.65,2025-07-30
1005.0,2911.19,2025-01-18
1002.0,837.61,2024-04-25
1006.0,3747.37,2024-03-06
1005.0,4680.99,2025-05-08
1009.0,4070.6,2024-02-21
1005.0,1392.86,2025-01-18
1006.0,,2022-06-15
1003.0,3232.55,19/03/2023
1002.0,3337.56,2022-02-12
1001.0,4693.44,invalid_date
1009.0,3290.97,2023-08-02
1009.0,3918.17,2024-09-11
1010.0,1294.79,2024-01-07
1001.0,1926.0,21/08/2022
1000.0,4209.02,2023-07-01
1008.0,1609.09,2025-01-08
1008.0,569.09,2022-07-17
1010.0,878.36,2022-03-19
1002.0,1990.31,2025-01-16
1000.0,4048.35,invalid_date
1001.0,3361.01,2025-02-18
1007.0,326.58,2025-08-23
1005.0,3647.25,2024-02-11
1010.0,error,2024-10-29
1006.0,4125.79,2025-12-15
1007.0,1151.26,2022-05-15
1003.0,987.33,26/11/2024
1009.0,2000.49,2024-11-10
1009.0,3601.21,invalid_date
1010.0,3965.39,2022-03-08
1008.0,4933.27,2024-11-04
1001.0,1836.78,2025-02-11
1000.0,1204.89,2022-02-27
1010.0,361.23,invalid_date
1010.0,4100.31,2023-10-16
1002.0,4972.4,2023-07-24
1010.0,3986.68,2025-08-12
1002.0,3687.42,2023-01-24
1010.0,3475.63,2025-03-11
1002.0,4977.38,2023-07-23
1004.0,3632.13,2025-02-20
1010.0,398.44,2023-01-04
1005.0,3240.42,2022-09-29
1004.0,2977.76,2023-03-20
,1592.54,2023-08-18
1003.0,90.1,21/10/2022
1000.0,947.06,2024-11-06
1003.0,4649.97,2025-11-03
1002.0,3685.77,2025-09-03
1010.0,3887.0,02/08/2024
1010.0,2631.85,2025-02-03
1009.0,4381.31,2022-01-01
1004.0,1133.42,30/06/2024
1010.0,281.92,2023-08-31
1002.0,259.13,2024-02-05
1003.0,2703.71,2025-11-02
1002.0,3544.67,2024-03-21
1006.0,377.54,2022-03-10
1000.0,3579.99,2025-06-25
1003.0,3473.16,2024-03-22
1005.0,532.24,2024-03-19
1007.0,3383.23,2022-11-21
1009.0,1958.33,2024-07-29
1008.0,554.68,2024-02-28
1000.0,3851.92,2025-04-23
1007.0,4553.99,2022-03-24
,1732.93,2022-09-16
1004.0,1280.73,2025-05-21
1002.0,,2024-02-16
,4256.19,2024-11-02
1003.0,4109.81,2023-03-20
1006.0,1891.5,2022-01-19
1002.0,3762.77,13/05/2022
1003.0,3915.22,2025-03-05
1006.0,,2025-10-06
1003.0,,invalid_date
1001.0,1655.6,2022-09-27
1000.0,3271.78,2024-11-12
,1628.07,2022-08-08
1009.0,529.24,2025-05-30
1010.0,2147.59,2025-10-08
1001.0,921.67,2022-03-22
1000.0,error,2025-10-24
1002.0,2359.82,2025-10-09
1000.0,1321.02,19/09/2023
1003.0,887.79,2022-01-05
1005.0,3336.37,2022-02-09
1010.0,4098.38,11/07/2024
1002.0,657.22,2024-01-11
1007.0,1944.7,18/12/2023
1004.0,2275.87,05/10/2025
,1012.14,25/04/2022
1001.0,94.66,2024-05-09
1004.0,3934.1,2024-06-16
1008.0,119.48,2024-09-29
1010.0,188.71,2022-02-06
1008.0,2177.04,invalid_date
1006.0,3555.14,2022-12-14
1005.0,error,invalid_date
1007.0,3735.08,2022-11-09
1009.0,error,2023-01-08
1009.0,1904.44,2023-03-03
1002.0,3116.77,2024-05-29
1001.0,4844.98,2024-04-29
1003.0,2908.71,2023-09-26
,1648.12,2025-02-03
1008.0,4129.15,2022-09-15
1003.0,1136.27,2022-09-05
1003.0,4158.1,2025-02-14
1005.0,4749.75,2022-04-20
1007.0,,2024-10-20
1010.0,3727.21,2024-01-11
1003.0,1967.11,2025-10-03
1005.0,1136.91,2023-06-09
1007.0,827.75,2023-07-25
1003.0,2635.47,2024-12-06
1006.0,3406.31,2023-11-20
1003.0,4923.45,2023-01-07
1002.0,2755.61,2024-04-26
1002.0,1972.0,2025-09-25
1005.0,1862.02,2024-07-08
1006.0,3387.67,invalid_date
1000.0,1630.67,2023-04-17
1009.0,3052.03,2024-11-19
,2293.37,2025-04-18
1005.0,2270.45,2022-02-06
1004.0,249.42,2025-01-31
1010.0,1718.67,2022-11-07
1004.0,,2023-05-31
1004.0,2167.73,2022-05-24
1001.0,3701.61,2022-10-31
1001.0,4623.51,2022-04-20
1008.0,,2025-06-24
1006.0,4409.85,2022-12-19
1000.0,3791.52,2025-09-21
1003.0,4543.68,2022-11-20
1003.0,4263.62,07/09/2022
1006.0,569.97,2022-02-11
1003.0,1170.06,2022-12-22
1001.0,4622.62,invalid_date
1002.0,4152.6,2025-04-22
1001.0,940.86,2022-12-26
,327.81,2023-12-31
1008.0,error,2025-05-25
1002.0,2542.24,2024-06-06
1006.0,210.51,2023-09-19
1005.0,3247.77,2023-09-16
1006.0,259.14,2024-03-09
1007.0,282.67,2024-10-08
1000.0,4602.15,2024-06-16
1001.0,4677.06,2024-04-20
1001.0,2363.85,2025-05-22
1006.0,2969.85,2025-12-29
,624.8,09/08/2025
1000.0,2108.77,2025-06-01
1004.0,2215.81,2022-09-11
1004.0,3798.89,2025-06-07
1009.0,1246.73,2024-01-19
1004.0,3755.76,2025-03-10
1009.0,4979.24,2025-03-10
1010.0,1215.74,2022-10-02
1006.0,3195.12,2022-08-14
1008.0,977.48,2024-01-30
1003.0,371.26,2023-02-18
1007.0,4046.82,2025-05-02
1005.0,1611.16,invalid_date
1002.0,1515.78,2023-11-03
1000.0,1848.32,2024-04-20
1001.0,3402.27,2024-10-27
1004.0,600.05,21/09/2024
1007.0,3643.26,2023-01-21
1001.0,2318.99,21/01/2023
1010.0,4958.55,2024-12-31
1005.0,754.49,2025-09-19
1007.0,3982.59,2024-03-22
1010.0,1897.49,2022-01-12
1010.0,,2025-03-12
1005.0,1948.53,2025-04-06
,,2025-03-06
1003.0,4997.4,2024-05-11
1001.0,4272.44,invalid_date
1010.0,631.37,2022-04-15
1007.0,79.91,2023-10-31
1005.0,4154.45,2025-04-03
1008.0,3910.36,2023-07-29
1001.0,4820.51,2023-02-23
1007.0,2365.77,2022-04-21
1005.0,4290.29,2024-06-22
1009.0,4283.11,2022-04-17
1009.0,85.59,2023-06-18
1006.0,352.03,2025-09-16
1006.0,1895.72,2023-03-07
1006.0,1430.46,2025-06-01
1004.0,3632.76,2025-04-16
1000.0,635.04,25/12/2025
1003.0,error,25/12/2025
1008.0,3763.33,24/08/2022
1007.0,2933.95,08/11/2022
1010.0,1616.24,2023-09-04
1010.0,1750.7,invalid_date
1006.0,153.08,2025-04-04
1004.0,3526.54,2023-08-03
1000.0,4664.09,2023-12-17
1004.0,608.24,2024-10-30
1001.0,3218.81,26/12/2022
1005.0,3953.99,2024-05-07
1006.0,error,2025-05-02
1001.0,3103.17,2022-07-25
1001.0,3543.28,2024-02-26
1007.0,1553.7,2024-03-10
1010.0,2686.12,2025-07-23
1008.0,1369.72,2023-09-14
1006.0,205.27,2023-09-22
1004.0,643.47,2022-11-14
1009.0,143.52,2022-12-29
1006.0,234.15,2025-05-18
1001.0,4597.87,08/10/2022
1008.0,3064.08,2022-03-05
1003.0,109.37,2025-01-03
1002.0,3036.23,17/07/2023
1010.0,3456.25,2024-03-27
1007.0,,2022-01-02
1008.0,2537.23,2022-03-31
1002.0,1297.38,2025-11-24
1005.0,2311.87,2024-04-29
1006.0,987.18,2022-04-23
1001.0,2718.81,2023-04-19
1002.0,2304.91,20/08/2023
1010.0,4547.86,2025-12-01
1001.0,2115.29,2025-01-17
1000.0,2121.66,2023-07-14
1006.0,2098.88,2023-04-28
1000.0,399.66,2022-05-25
1002.0,4345.29,2025-12-29
1000.0,4380.42,2023-07-29
1000.0,2687.02,2022-09-04
1002.0,3376.23,2022-09-04
1003.0,error,2022-12-17
1007.0,746.25,2025-06-26
1007.0,516.03,invalid_date
1004.0,958.08,invalid_date
1008.0,1231.69,2024-10-25
1000.0,2183.81,2024-11-10
1002.0,4798.38,2022-12-23
1003.0,4070.12,2022-06-08
1002.0,1905.86,2023-06-06
1009.0,2519.06,2024-05-09
1002.0,2247.18,2024-09-01
,1509.16,2023-10-21
,,20/10/2023
1005.0,4203.17,2024-06-02
1010.0,2696.33,invalid_date
1006.0,3368.0,22/02/2025
1005.0,3593.09,2022-07-20
1006.0,2976.71,2023-12-01
1010.0,4841.88,2024-12-26
1004.0,4702.73,2023-01-04
1007.0,4426.97,2022-05-10
1008.0,3401.28,2022-08-05
1003.0,4269.19,2022-10-01
1007.0,64.87,2025-05-11
1003.0,2166.27,2023-08-14
,3060.11,2023-05-07
1003.0,261.95,2022-10-07
1007.0,1436.33,2024-05-08
1007.0,442.41,2024-07-19
,,2024-12-29
1001.0,742.03,2024-05-28
1005.0,error,2025-06-09
1005.0,3892.37,2023-11-11
1005.0,4654.07,2025-12-26
1010.0,3382.59,2022-05-12
,error,04/01/2024
1009.0,2936.51,2025-04-14
1006.0,1686.22,2025-10-01
1007.0,2171.86,2023-01-22
1002.0,4538.82,2023-03-13
1004.0,error,2025-12-09
1009.0,2910.86,2023-11-26
1003.0,4790.33,15/12/2022
1006.0,1038.45,2024-11-08
1004.0,1376.43,2025-11-05
1000.0,2726.76,2023-12-14
1006.0,2992.67,2022-07-10
1004.0,2522.89,invalid_date
1005.0,2060.69,2022-09-27
1000.0,,2024-04-19
1000.0,1125.86,2022-09-12
1002.0,940.25,2025-05-19
1010.0,,2024-07-14
1000.0,4321.08,2025-07-27
1007.0,3341.3,2023-06-15
1006.0,1107.07,2025-10-13
1001.0,4878.62,2025-10-23
1000.0,error,2023-08-09
1010.0,294.97,invalid_date
1008.0,2743.83,2025-11-08
1002.0,2578.88,20/05/2025
1007.0,1949.04,2023-02-18
1000.0,2456.68,2022-04-22
1009.0,325.56,2023-11-22
1004.0,1066.04,2024-03-10
1004.0,error,2024-01-30
1001.0,3431.04,2022-12-02
1004.0,3519.3,2025-01-02
1008.0,4249.06,2023-01-22
1010.0,3970.44,2023-03-25
1009.0,,2022-04-20
1000.0,,2025-11-12
1001.0,4374.39,2024-10-27
,2004.4,2022-08-09
1006.0,1856.05,invalid_date
1000.0,1278.35,2022-03-31
1002.0,4434.19,2023-05-02
1000.0,3599.5,2022-09-09
1002.0,2344.3,2022-10-27
1000.0,3471.43,2024-12-10
1004.0,4463.95,2024-03-27
1006.0,error,2023-03-09
1004.0,error,2024-02-07
1006.0,3819.26,2022-05-31
1006.0,,2024-10-07
1007.0,298.69,2025-07-18
1000.0,1147.76,invalid_date
1008.0,2378.33,2025-10-01
1006.0,609.98,2023-06-30
1003.0,4375.67,23/10/2022
1009.0,1817.43,25/02/2022
1010.0,624.89,2025-07-27
1005.0,1636.48,2024-08-25
1007.0,2890.62,2025-10-19
,334.17,18/09/2024
1000.0,4691.01,invalid_date
1010.0,4347.14,2022-04-05
1002.0,4725.07,2022-12-13
1009.0,3428.51,2025-11-22
1001.0,2026.81,2024-12-01
1005.0,1854.59,2024-08-19
1004.0,1286.64,2022-07-17
,789.41,2025-06-23
1009.0,938.54,2022-03-23
1010.0,779.45,2023-05-31
,1963.31,2024-11-16
1009.0,448.73,10/03/2023
1001.0,1822.8,08/12/2022
1007.0,1289.78,2022-11-10
1006.0,808.6,2024-06-20
1001.0,881.76,2023-08-10
1005.0,315.37,04/05/2022
1007.0,2103.49,2022-07-01
1007.0,567.07,2025-07-26
1005.0,697.86,2022-05-29
1002.0,4669.53,2022-10-14
1004.0,1207.93,2023-10-16
1008.0,3606.15,2022-05-12
1009.0,2694.71,invalid_date
1007.0,2609.33,2024-05-10
1000.0,881.73,2023-03-15
1004.0,3971.62,2022-12-08
1010.0,4606.79,2023-03-14
1001.0,2428.88,2025-10-15
1002.0,610.52,invalid_date
1005.0,248.93,2023-04-10
1009.0,3945.37,2025-03-21
1009.0,3941.93,2024-07-10
1007.0,4597.22,2022-07-18
,847.95,2025-08-24
1009.0,1433.84,2022-09-18
,72.19,31/08/2025
1005.0,4314.35,2024-08-17
1003.0,4308.5,2022-05-30
1010.0,2315.06,2023-03-22
1009.0,4483.52,2022-07-13
,4118.66,2024-06-22
1002.0,4735.2,05/06/2023
1008.0,3945.45,2024-06-14
1007.0,728.8,2023-06-21
1006.0,1967.46,01/08/2023
1006.0,3636.29,2022-10-08
1002.0,331.59,06/05/2022
,327.81,2023-12-31
1007.0,2900.61,2022-06-09
1010.0,1737.56,2025-09-03
,4016.14,2024-08-16
1003.0,2908.71,2023-09-26
1010.0,2640.18,2023-09-15
1007.0,error,2023-08-22
1000.0,4941.17,2022-01-01
1008.0,1373.65,2024-09-19
1005.0,2643.02,2023-04-01
1006.0,4886.09,2025-10-29
1003.0,2166.27,2023-08-14
,2251.38,2022-05-27
1001.0,695.71,invalid_date
1002.0,538.02,2023-09-03
1007.0,671.43,2023-12-06
1006.0,4450.1,2025-09-27
1001.0,error,2024-12-30
1007.0,error,2023-08-02
1008.0,3064.08,2022-03-05
1006.0,2326.94,2024-02-07
1001.0,,2025-11-17
1006.0,4472.22,26/11/2025
,877.43,2025-07-08
1009.0,2136.63,2025-02-17
1007.0,3624.64,2025-06-04
1002.0,,2022-06-16
1007.0,3888.22,2023-12-10
1001.0,994.73,25/05/2025
1004.0,4335.0,03/01/2023
1010.0,2152.95,2023-06-11
,2701.8,2024-11-19
1007.0,273.56,2024-08-20
1004.0,645.94,2024-02-21
1007.0,677.51,2025-03-07
1007.0,406.48,2023-04-25
1005.0,1040.91,2024-04-12
1005.0,error,2022-11-26
1009.0,4896.53,invalid_date
1000.0,4739.18,2022-10-08
1001.0,766.27,invalid_date
1001.0,742.03,2024-05-28
1001.0,,2023-09-22
1009.0,1321.61,2024-10-16
,1592.54,2023-08-18
1004.0,1781.87,2023-08-09
1006.0,,2022-12-11
1006.0,1166.11,2025-06-23
1000.0,2686.05,2024-10-31
1002.0,2926.01,2022-08-27
1002.0,177.84,2022-11-30
1007.0,error,invalid_date
1010.0,441.11,2024-04-12
1005.0,3264.92,2023-04-21
1008.0,1241.79,2022-08-29
1007.0,3912.61,25/09/2024
1006.0,3717.39,2025-04-29
1010.0,3965.39,2022-03-08
1007.0,827.75,2023-07-25
1000.0,475.54,2022-03-28
1004.0,1272.52,2022-06-24
1010.0,,2022-04-25
,3675.96,07/10/2023
1004.0,2275.87,05/10/2025
,789.0,2025-06-06
1009.0,1213.62,2025-10-22
,3550.77,2024-01-19
1003.0,1186.64,2023-10-07
1009.0,3004.53,2024-04-12
1006.0,1441.42,2025-04-10
1005.0,2310.92,invalid_date
1003.0,1913.99,2022-12-11
1001.0,1678.55,2022-09-28
1001.0,900.44,2022-09-28
1005.0,3123.19,2024-06-29
1002.0,2247.18,2024-09-01
1007.0,884.15,2025-10-04
1003.0,4041.48,2024-03-08
1002.0,3762.73,2025-05-29
1008.0,2965.91,21/07/2024
1006.0,4364.05,22/04/2023
1001.0,3323.18,2023-01-23
1005.0,3158.96,2025-11-18
1008.0,777.56,2024-12-28
1004.0,2808.61,2022-02-02
1006.0,2712.46,2023-11-15
1005.0,3649.89,2025-05-10
1007.0,2363.68,2024-11-27
1005.0,1775.63,2025-07-15
1008.0,328.41,2024-08-04
,3819.57,2024-09-23
1004.0,2843.87,2023-07-18
1006.0,995.46,2024-07-07
1004.0,4419.43,2023-09-27
1009.0,4806.04,2024-05-01
1009.0,3062.87,2022-06-29
1002.0,4669.53,2022-10-14
1002.0,4266.4,2024-07-12
1007.0,2171.86,2023-01-22
1010.0,4093.28,2024-03-29
1005.0,2468.52,2022-10-27
1003.0,1942.55,2025-07-21
1004.0,2649.7,2023-02-28
1004.0,353.34,2024-10-26
1009.0,2189.87,2023-10-18
1000.0,1030.09,2025-10-30
1010.0,4347.14,2022-04-05
1004.0,834.48,2022-12-23
1009.0,4985.65,2024-01-16
,3483.92,2025-07-07
1008.0,,2024-07-23
1000.0,2457.05,2024-10-03
1009.0,446.79,2022-01-09
,4463.55,2025-05-01
1004.0,3853.73,03/04/2023
1000.0,1097.12,2023-03-28
1010.0,error,2022-09-10
1009.0,4273.88,2025-09-05
1005.0,3549.44,2022-01-04
1008.0,219.15,2025-06-26
1002.0,3481.77,2022-03-08
1006.0,1743.99,06/03/2024
1002.0,4551.79,2022-03-09
1008.0,52.4,01/01/2022
1002.0,68.32,2023-07-28
1005.0,4379.97,2024-12-11
1008.0,855.72,2023-04-21
1006.0,error,2022-01-16
1007.0,2098.91,2023-10-10
1006.0,210.51,2023-09-19
1003.0,609.03,2023-01-13
1000.0,1436.83,2023-04-05
1004.0,1797.06,2024-05-07
1007.0,4510.24,10/07/2023
1009.0,224.64,2025-11-05
1006.0,2806.0,2023-11-23
,4328.53,2025-06-03
1009.0,325.56,2023-11-22
1000.0,3403.82,2024-01-06
1006.0,3118.41,2025-06-28
1008.0,2282.07,2022-05-04
1006.0,1555.34,2024-04-24
1002.0,2894.82,2025-10-12
1007.0,,2024-10-20
1009.0,2581.04,2024-03-08
1005.0,2270.45,2022-02-06
1002.0,1416.17,2022-06-17
1002.0,3433.45,2025-01-22
1006.0,,2022-12-23
1005.0,1736.16,2025-10-10
1004.0,4708.59,2023-02-26
1002.0,1158.91,2022-08-16
1000.0,4305.88,2023-12-23
1006.0,,2024-05-01
1003.0,4054.06,2025-01-14
1005.0,965.4,2022-02-14
1007.0,516.03,invalid_date
1006.0,1891.5,2022-01-19
1007.0,316.12,2023-03-26
1007.0,3470.72,2025-11-27
1002.0,2755.61,2024-04-26
1005.0,1364.52,2023-08-18
1000.0,error,2025-08-13
1007.0,3485.57,2024-11-13
1010.0,3815.83,2024-08-01
1008.0,891.24,invalid_date
1004.0,1373.07,22/04/2023
1004.0,2977.76,2023-03-20
,1007.9,2025-10-12
1010.0,4547.86,2025-12-01
1007.0,2479.01,2024-06-17
1003.0,4315.95,2025-01-19
1010.0,error,2022-02-26
1004.0,1179.8,2023-07-11
,error,13/07/2024
1006.0,4208.84,2025-02-05
1001.0,4662.28,2023-12-28
1009.0,2718.76,2022-04-26
1000.0,2986.75,2024-07-27
1008.0,4949.56,2024-03-24
1005.0,error,2023-05-18
1001.0,4586.25,2024-03-18
,,2022-02-16
1003.0,4313.46,2022-07-29
1000.0,4476.12,2024-06-16
1005.0,355.77,25/09/2024
1004.0,1791.95,2024-10-29
1008.0,2700.26,2024-04-02
1008.0,178.22,2023-04-08
1003.0,2703.71,2025-11-02
1002.0,3346.02,2024-05-08
1008.0,,2023-05-29
1004.0,1277.41,2025-08-30
1009.0,2257.39,2024-09-15
1003.0,error,2025-08-04
1008.0,4455.71,2024-03-24
1005.0,,2022-10-05
1010.0,2575.63,2022-04-13
1005.0,3755.95,2022-07-14
1000.0,2070.24,2025-03-31
1004.0,2140.35,2025-08-08
1003.0,2514.86,2024-01-09
1000.0,2247.09,2025-12-26
1003.0,4068.12,2024-01-22
1005.0,,2024-09-23
,951.46,2024-06-07
1002.0,4561.21,2023-05-09
1004.0,1640.03,28/01/2024
1008.0,error,2023-12-21
1000.0,881.73,2023-03-15
1005.0,1768.64,2023-06-19
1007.0,489.82,2023-04-23
1000.0,2966.61,18/08/2025
,1946.66,2025-12-31
1003.0,4284.31,2024-01-08
1009.0,4937.96,2023-01-27
1010.0,4654.48,2024-06-27
1006.0,2245.16,2023-06-05
1003.0,4914.02,2024-12-18
1003.0,error,2023-12-28
1003.0,2807.31,invalid_date
1006.0,3760.48,2022-12-18
1006.0,4569.85,2024-12-12
1009.0,1377.29,15/09/2024
1007.0,4243.35,2022-06-03
1010.0,4927.12,2022-10-02
1004.0,4370.53,2022-07-31
1006.0,1439.65,2023-07-30
1010.0,4889.67,2023-09-20
1008.0,2076.17,2024-07-06
1002.0,219.0,2023-01-05
1000.0,487.44,2022-12-07
1006.0,,04/04/2024
1007.0,3421.3,2025-12-29
1009.0,error,2024-12-23
1000.0,394.88,2025-02-04
1003.0,2437.2,2025-10-13
1006.0,1245.96,18/07/2024
1008.0,4112.04,2023-03-10
1004.0,2008.13,2024-01-16
,1732.93,2022-09-16
1006.0,205.27,2023-09-22
1009.0,2495.03,19/04/2024
1003.0,4649.97,2025-11-03
1009.0,2324.39,2022-01-19
1008.0,2093.03,2025-10-13
,2392.1,27/09/2022
,4777.75,2024-09-04
1009.0,1677.05,17/06/2025
1006.0,297.6,2023-11-16
1004.0,3789.03,2023-07-25
1005.0,960.46,2023-05-06
1005.0,3994.14,2024-08-28
1010.0,361.23,invalid_date
1006.0,2969.85,2025-12-29
1002.0,1737.85,2022-03-05
1005.0,303.99,2022-12-03
1008.0,850.68,2025-08-23
1005.0,1165.9,2025-09-01
1005.0,982.93,2025-10-10
1004.0,2102.26,2024-03-17
1005.0,4079.26,2024-08-30
1001.0,4878.62,2025-10-23
1000.0,4068.21,2023-06-25
1001.0,3693.04,2023-01-12
1007.0,1222.87,2025-08-12
,4732.74,2023-12-07
1003.0,2844.99,2024-03-11
1003.0,2763.61,27/09/2025
1006.0,4966.26,2023-07-26
1009.0,3199.56,2022-08-15
1005.0,932.64,invalid_date
1007.0,3306.59,2024-02-04
1004.0,4702.73,2023-01-04
1007.0,881.74,2024-12-25
1010.0,1901.82,2022-12-14
,2293.37,2025-04-18
1001.0,4844.98,2024-04-29
1005.0,2628.15,2025-10-12
1010.0,4959.5,2022-03-03
1006.0,1273.52,2022-04-04
1002.0,4227.42,2022-01-10
1009.0,,2023-09-21
1006.0,3747.37,2024-03-06
1006.0,1717.17,2023-02-19
1010.0,4409.08,2024-07-02
